 JTBC2:Asia/Seoul
#0:Europe/Madrid
+Globosat:America/Sao_Paulo
- None:US/Eastern
1+1:Europe/Kiev
10 Bold:Australia/Sydney
10 Peach:Australia/Sydney
10 Shake:Australia/Sydney
111 Greats (AU):Australia/Sydney
13 רשת:Asia/Jerusalem
13TH STREET (AU):Australia/Sydney
13th Street:Europe/Berlin
13th Street (NL):Europe/Amsterdam
13th Street Germany:Europe/Berlin
13ème rue:Europe/Paris
1UP.com:US/Eastern
2 (NZ):Pacific/Auckland
20th Century Fox:US/Eastern
24:Europe/Istanbul
24/7 (US):US/Eastern
2BE:Europe/Brussels
2M:Africa/Casablanca
2be:Europe/Brussels
2sTV:Africa/Dakar
2×2:Europe/Kaliningrad
3+:Europe/Zurich
31 DIGITAL (AU):Australia/Sydney
360:Europe/Istanbul
3ABN (US):US/Eastern
3ABN Latino (US):US/Eastern
3ABN Proclaim! (US):US/Eastern
3ABN Russia (US):US/Eastern
3e:Europe/Dublin
3e (IE):Europe/Dublin
3net:US/Eastern
3net (US):US/Eastern
3sat:Europe/Berlin
4+:Europe/Zurich
44 Adelaide (AU):Australia/Sydney
47 (UK):Europe/London
4Music (UK):Europe/London
4SD:US/Eastern
4SD (US):US/Eastern
5 abc (US):US/Eastern
5* (UK):Europe/London
5+:Europe/Zurich
5Star:Europe/London
5USA (UK):Europe/London
6'eren:Europe/Copenhagen
6+:Europe/Zurich
6play:Europe/Paris
6ter:Europe/Paris
7 RM Spain:Europe/Madrid
7NBC (US):US/Eastern
7TWO (AU):Australia/Sydney
7mate:Australia/Sydney
7mate (AU):Australia/Sydney
8TV:Asia/Kuala_Lumpur
8TV (MY):Asia/Kuala_Lumpur
9Live (DE):Europe/Berlin
9XM (UK):Europe/London
A Haber:Europe/Istanbul
A&E:US/Eastern
A&E (AU):Australia/Sydney
A+:Europe/Paris
A-1 Pictures:Asia/Tokyo
AAG (UK):Europe/London
AAG TV:Asia/Karachi
AANtv (US):US/Eastern
AB1:Europe/Paris
ABC:US/Eastern
ABC (AU):Australia/Sydney
ABC (Canberra) (AU):Australia/Sydney
ABC (JA):Asia/Tokyo
ABC (PH):Asia/Manila
ABC (UK):Europe/London
ABC (US):US/Eastern
ABC Comedy:Australia/Sydney
ABC Family:US/Eastern
ABC Kids:Australia/Sydney
ABC Me:Australia/Sydney
ABC News 24:Australia/Sydney
ABC TV Plus:Australia/Sydney
ABC iview:Australia/Sydney
ABC1:Australia/Sydney
ABC2:Australia/Sydney
ABC3:Australia/Sydney
ABC4Kids:Australia/Sydney
ABC7 Chicago (US):US/Eastern
ABD (AU):Australia/Sydney
ABN (AU):Australia/Sydney
ABN (US):US/Eastern
ABP New (UK):Europe/London
ABQ (AU):Australia/Sydney
ABS (AU):Australia/Sydney
ABS-CBN Broadcasting Company:Asia/Manila
ABT (AU):Australia/Sydney
ABV (AU):Australia/Sydney
ABW (AU):Australia/Sydney
ACBN (US):US/Eastern
ACN (US):US/Eastern
ACTION MOVIES (AU):Australia/Sydney
ADS (AU):Australia/Sydney
AHC:US/Eastern
AIT International (UK):Europe/London
ALLBLK:US/Eastern
ALT Balaji:Asia/Kolkata
AMAZING FACTS (US):US/Eastern
AMC:US/Eastern
AMC+:US/Eastern
AMERICAN HEROES CHANNEL (US):US/Eastern
AMGTV (US):US/Eastern
AMV (AU):Australia/Sydney
ANIMAL PLANET (CA):Canada/Eastern
ANIMAL PLANET (UK):Europe/London
ANT1:Europe/Athens
ANTENNA TV (US):US/Eastern
AOL:US/Eastern
AOL (US):US/Eastern
APTN:Canada/Eastern
ARISE News (UK):Europe/London
ART TV:Europe/Athens
ARTE:Europe/Paris
ARTN (US):US/Eastern
ARTV:Canada/Eastern
ARY Digital:Asia/Karachi
ARY Digital (UK):Europe/London
ARY One Digital (UK):Europe/London
ARY One World:Asia/Karachi
ARY Qtv:Asia/Karachi
ARY Qtv (UK):Europe/London
ARY Shopping Channel:Asia/Karachi
ARY Zouq:Asia/Karachi
ASEN (US):US/Eastern
ASEN2 (US):US/Eastern
ASPiRE (US):US/Eastern
AT-X:Asia/Tokyo
ATN (AU):Australia/Sydney
ATN Aastha Channel:Asia/Kolkata
ATN Bangla (UK):Europe/London
ATN CRICKET PLUS (CA):Canada/Eastern
ATN SPORTS (CA):Canada/Eastern
ATN Service 1 (US):US/Eastern
ATN Service 2 (US):US/Eastern
ATRESplayer Premium:Europe/Madrid
ATV:Europe/Vienna
ATV (AT):Europe/Vienna
ATV (AU):Australia/Sydney
ATV (BE):Europe/Brussels
ATV (DE):Europe/Berlin
ATV (HK):Asia/Hong_Kong
ATV (TR):Europe/Istanbul
ATV Türkiye:Europe/Istanbul
AVRO:Europe/Amsterdam
AVROTROS:Europe/Amsterdam
AWE (US):US/Eastern
AXN:US/Eastern
AXN (HK):Asia/Hong_Kong
AXN (JP):Asia/Tokyo
AXN (PL):Europe/Warsaw
AXN (SG):Asia/Singapore
AXN España:Europe/Madrid
AXN Polska:Europe/Warsaw
AXS TV:US/Eastern
AXStv (US):US/Eastern
AXioN:US/Eastern
AZN Television (US):US/Eastern
Aaj TV:Asia/Karachi
Aaj Tak (UK):Europe/London
Aastha TV (UK):Europe/London
Abema TV:Asia/Tokyo
Abu Dhabi TV:Asia/Dubai
Abu Dhabi TV (UK):Europe/London
Acasă (RO):Europe/Bucharest
AccuWeather Channel (US):US/Eastern
Acorn TV:US/Eastern
Action:Canada/Eastern
Active Channel (UK):Europe/London
Adult Channel:Europe/London
Adult Swim:US/Eastern
Adult Swim (FR):Europe/Paris
Adventist TV (US):US/Eastern
Africa Channel (US):US/Eastern
Africa Magic:Africa/Lagos
Afrotainment (US):US/Eastern
Afrotainment Music (US):US/Eastern
Aftenposten:Europe/Oslo
Ahlebait TV (UK):Europe/London
Ahlulbayt TV (UK):Europe/London
Aizo TV:Asia/Taipei
Al Alam:Asia/Tehran
Al Aoula:Africa/Casablanca
Al Arabiyya:Asia/Dubai
Al Badeel:Africa/Tripoli
Al Hidaya Al Libiya:Africa/Tripoli
Al Jadeed:Asia/Beirut
Al Jamahiriya TV English:Africa/Tripoli
Al Jazeera:Asia/Qatar
Al Jazeera America:US/Eastern
Al Jazeera Children's Channel (UK):Europe/London
Al Jazeera English (UK):Europe/London
Al Karma TV (US):US/Eastern
Al Libiya:Africa/Tripoli
Al Mayadeen:Asia/Beirut
Al Mounawaa:Africa/Tripoli
Al Nahar:Africa/Cairo
Al Shababiyah:Africa/Tripoli
Al-Jamahiriya TV:Africa/Tripoli
Al-Madina TV:Africa/Tripoli
Alibi:Europe/London
All 4:Europe/London
All Nations TV (US):US/Eastern
AlloCiné:Europe/Paris
Almavision (US):US/Eastern
Alnabaa:Africa/Tripoli
Alpha TV:Europe/Athens
Alpha TV GUJARATI:Asia/Kolkata
Alpha TV PUNJABI:Asia/Kolkata
Altice Studio:Europe/Paris
Altitude sports (US):US/Eastern
Amazon:US/Eastern
Amazon (Japan):Asia/Tokyo
Amazon Prime Instant Video (UK):Europe/London
Amazon Prime Video:US/Eastern
Amedia AS:Europe/Oslo
America One Television Network:US/Eastern
American Broadcasting Company:US/Eastern
American Liberty (US):US/Eastern
Amman TV:Asia/Amman
América TV:America/Buenos_Aires
América TV:America/Lima
And TV:Asia/Kolkata
Angel One (US):US/Eastern
Angel Two (US):US/Eastern
Anhui TV:Asia/Shanghai
Animal Planet:US/Eastern
Animal Planet (AU):Australia/Sydney
Animax:Asia/Tokyo
Animax (DE):Europe/Berlin
Animax (SG):Asia/Singapore
Anime Hodai:Asia/Tokyo
Anime Network:US/Eastern
Anime OAV:Asia/Tokyo
Antena 1:Europe/Bucharest
Antena 3:Europe/Madrid
Antenne 2:Europe/Paris
Apostolic Oneness Network (US):US/Eastern
Apple Music:US/Eastern
Apple TV+:US/Eastern
AppleTV+:US/Eastern
Arabic Channel (US):US/Eastern
Arena:Australia/Sydney
Argos TV (UK):Europe/London
Arirang TV:Asia/Seoul
Arizona Capitol Television (US):US/Eastern
Arizona NewsChannel (US):US/Eastern
Arte:Europe/Paris
Arte Creative:Europe/Paris
Arte1:America/Sao_Paulo
Asahi Broadcasting Corporation:Asia/Tokyo
Associated Broadcasting Company (PH):Asia/Manila
Astro Awani:Asia/Kuala_Lumpur
Astro Citra:Asia/Kuala_Lumpur
Astro Oasis:Asia/Kuala_Lumpur
Astro Prima:Asia/Kuala_Lumpur
Astro Ria:Asia/Kuala_Lumpur
Astro Warna:Asia/Kuala_Lumpur
At the Races (UK):Europe/London
AtomFilms:US/Eastern
Audience:US/Eastern
Audience Network:US/Eastern
Australian Broadcasting Corporation:Australia/Sydney
Australian Christian Channel:Australia/Sydney
Avro:Europe/Amsterdam
B4U Movies:Europe/London
B4U Music:Europe/London
B92:Europe/Belgrade
BANDAMAX (US):US/Eastern
BAY NEWS 9 (US):US/Eastern
BBANGYA TV:Asia/Seoul
BBC:Europe/London
BBC ALBA:Europe/London
BBC America:US/Eastern
BBC Canada:Canada/Eastern
BBC Channel 4:Europe/London
BBC Choice:Europe/London
BBC FOUR:Europe/London
BBC First:Australia/Sydney
BBC Five:Europe/London
BBC Four:Europe/London
BBC HD:Europe/London
BBC Kids:Canada/Eastern
BBC Knowledge (AU):Australia/Sydney
BBC Music:Europe/London
BBC News:Europe/London
BBC Northern Ireland:Europe/London
BBC ONE:Europe/London
BBC One:Europe/London
BBC One East:Europe/London
BBC One East Midlands:Europe/London
BBC One North East & Cumbria:Europe/London
BBC One North West:Europe/London
BBC One Oxfordshire:Europe/London
BBC One Scotland:Europe/London
BBC One South East:Europe/London
BBC One South West:Europe/London
BBC One West:Europe/London
BBC One West Midlands:Europe/London
BBC One Yorkshire & Lincolnshire:Europe/London
BBC Parliament:Europe/London
BBC Prime:Europe/London
BBC RED BUTTON:Europe/London
BBC Scotland:Europe/London
BBC Studios:Europe/London
BBC THREE:Europe/London
BBC TWO:Europe/London
BBC TWO Northern Ireland:Europe/London
BBC TWO Scotland:Europe/London
BBC TWO Wales:Europe/London
BBC Three:Europe/London
BBC Two:Europe/London
BBC UKTV (AU):Australia/Sydney
BBC Wales:Europe/London
BBC World News:Europe/London
BBC iPlayer:Europe/London
BBC one London:Europe/London
BBC one Northern Ireland:Europe/London
BBC one Scotland:Europe/London
BBC one Wales:Europe/London
BCV (AU):Australia/Sydney
BET:US/Eastern
BET (UK):Europe/London
BET Gospel (US):US/Eastern
BET HIP HOP (US):US/Eastern
BET Plus:US/Eastern
BET+:US/Eastern
BFM TV:Europe/Paris
BHSN (US):US/Eastern
BIOGRAPHY CHANNEL (CA):Canada/Eastern
BKN (AU):Australia/Sydney
BLISS (UK):Europe/London
BNN:Canada/Eastern
BNN (NL):Europe/Amsterdam
BNN-VARA:Europe/Amsterdam
BNNVARA:Europe/Amsterdam
BNT1:Europe/Sofia
BOS (NL):Europe/Amsterdam
BOSTEL (US):US/Eastern
BOUNCE TV (US):US/Eastern
BR:Europe/Berlin
BR-alpha:Europe/Berlin
BRT:Europe/Istanbul
BRT2:Europe/Istanbul
BRTN:Europe/Istanbul
BRTN TV2:Europe/Brussels
BS Fuji:Asia/Tokyo
BS Fuji (JP):Asia/Tokyo
BS-i:Asia/Tokyo
BS-i (JP):Asia/Tokyo
BS11:Asia/Tokyo
BT Sport 1 (UK):Europe/London
BT Sport 2 (UK):Europe/London
BTQ (AU):Australia/Sydney
BTV:Asia/Shanghai
BYU Television:US/Eastern
BYUtv:US/Eastern
BabyFirstTV:US/Eastern
BabyTV:Europe/London
BabyTV (UK):Europe/London
Babytv (US):US/Eastern
Baiskoafu:Indian/Maldives
Bandai Channel:Asia/Tokyo
Bandai Channel (JP):Asia/Tokyo
Bangla TV (UK):Europe/London
Barcelona TV (ES):Europe/Madrid
Bay TV Clywd (UK):Europe/London
Bay TV Liverpool (UK):Europe/London
Bay TV Swansea (UK):Europe/London
Bayerischer Rundfunk:Europe/Berlin
BeTV:Europe/Brussels
Bebo.com (US):US/Eastern
Belgische Radio en Televisie (BRTN):Europe/Brussels
Believe TV (UK):Europe/London
Best Direct (UK):Europe/London
Betevé:Europe/Madrid
Beyaz TV:Europe/Istanbul
BiZ TELEVISION (US):US/Eastern
Bid (UK):Europe/London
Bid Plus (UK):Europe/London
Big Ten Network (BTN):US/Eastern
Big Ten Network (US):US/Eastern
Bilibili:Asia/Shanghai
Bio:US/Eastern
Biography Channel:US/Eastern
Blackpills:US/Eastern
Blaze:Europe/London
Blim:America/Mexico_City
Blim TV:America/Mexico_City
Blip:US/Eastern
Bloomberg TELEVISION (US):US/Eastern
Bloomberg Television:US/Eastern
Bloomberg Television (UK):Europe/London
BluTV:Europe/Istanbul
Blue Ridge Communications (US):US/Eastern
Blue Sky (Greece):Europe/Athens
Bnn:Canada/Eastern
Bon Appétit:US/Eastern
Book TELEVISION (CA):Canada/Eastern
Boomerang:US/Eastern
Boomerang (AU):Australia/Sydney
Boomerang (DE):Europe/Berlin
Boomerang (UK):Europe/London
Bounce:US/Eastern
Bounce TV:US/Eastern
BoxNation (UK):Europe/London
Bravo:US/Eastern
Bravo (CA):Canada/Eastern
Bravo (NZ):Pacific/Auckland
Bravo (UK):Europe/London
Bravo (US):US/Eastern
Bravo!:Canada/Eastern
Brit Asia TV (UK):Europe/London
BritBox:Europe/London
British Eurosport 2:Europe/London
BrutX:Europe/Paris
Bubble Hits:Europe/Dublin
Business News Network (CA):Canada/Eastern
BuzMuzik (UK):Europe/London
C More:Europe/Stockholm
C-SPAN2 (US):US/Eastern
C-SPAN3 (US):US/Eastern
C-Span:US/Eastern
C31:Australia/Sydney
C8:Europe/Paris
CAN TV19 (US):US/Eastern
CARS.TV (US):US/Eastern
CARTOON NETWORK (AU):Australia/Sydney
CARTOON NETWORK (UK):Europe/London
CARTOON NETWORK TOO (UK):Europe/London
CATHOLICTV (US):US/Eastern
CAZ:Europe/Brussels
CBBC:Europe/London
CBC:Canada/Eastern
CBC (CA):Canada/Eastern
CBC (EG):Africa/Cairo
CBC (JP):Asia/Tokyo
CBC Gem:Canada/Eastern
CBC News Network:Canada/Eastern
CBC Newsworld:Canada/Eastern
CBCnews network (CA):Canada/Eastern
CBN (AU):Australia/Sydney
CBS:US/Eastern
CBS 2 HD (US):US/Eastern
CBS 2 LOS ANGELES (US):US/Eastern
CBS 2 NEW YORK (US):US/Eastern
CBS 4 (US):US/Eastern
CBS All Access:US/Eastern
CBS Broadcasting Inc:US/Eastern
CBS Korean (US):US/Eastern
CBS Reality (UK):Europe/London
CBS SPORTS NETWORK (US):US/Eastern
CBS action (UK):Europe/London
CBS drama (UK):Europe/London
CBS reality (UK):Europe/London
CBS.com (US):US/Eastern
CBeebies:Europe/London
CBeebies (US):US/Eastern
CC:STUDIOS (US):US/Eastern
CCN (US):US/Eastern
CCTV:Asia/Shanghai
CCTV News (UK):Europe/London
CCTV-4 (US):US/Eastern
CDA:America/Buenos_Aires
CFPL-TV:Canada/Eastern
CGN TV (US):US/Eastern
CGV:Asia/Seoul
CHCH (CA):Canada/Eastern
CHCH-TV:Canada/Eastern
CHELSEA TV (UK):Europe/London
CHOCO TV:Asia/Taipei
CI:Australia/Sydney
CITV:Europe/London
CLTV (US):US/Eastern
CMC (AU):Australia/Sydney
CMT:US/Eastern
CMT (CA):Canada/Eastern
CMTV:Europe/Lisbon
CN100 (US):US/Eastern
CN8:US/Eastern
CNBC:US/Eastern
CNBC (AU):Australia/Sydney
CNBC TV18:Asia/Kolkata
CNBC UK:Europe/London
CNBC-e (TR):Europe/Istanbul
CNC World (UK):Europe/London
CNL Russian (US):US/Eastern
CNN:US/Eastern
CNN (UK):Europe/London
CNN Brasil:America/Sao_Paulo
CNN en Español (US):US/Eastern
CNNI:US/Eastern
CNews:Europe/Paris
COMCAST Sports Net Chicago (US):US/Eastern
COMCAST Sports Net New England (US):US/Eastern
COMEDY CENTRAL (UK):Europe/London
COMEDY CENTRAL EXTRA (UK):Europe/London
CONtv:US/Eastern
COOLTV (US):US/Eastern
CORK COMMUNITY TV (IE):Europe/Dublin
COSMOPOLITANTV (CA):Canada/Eastern
CPAC:Canada/Eastern
CRTV:US/Eastern
CSS (US):US/Eastern
CST (US):US/Eastern
CSTV:Asia/Seoul
CStar:Europe/Paris
CTC:Asia/Tokyo
CTC (AU):Australia/Sydney
CTC (JA):Asia/Tokyo
CTC (RU):Europe/Kaliningrad
CTS:Asia/Tokyo
CTS (TW):Asia/Taipei
CTV:Canada/Eastern
CTV (CN):Asia/Shanghai
CTV (JP):Asia/Tokyo
CTV (TW):Asia/Taipei
CTV Comedy:Canada/Eastern
CTV Drama:Canada/Eastern
CTV Drama (Bravo):Canada/Eastern
CTV Life Channel:Canada/Eastern
CTV News Channel (CA):Canada/Eastern
CTV Sci-Fi:Canada/Eastern
CTV Sci-Fi (Space):Canada/Eastern
CTV Television Network:Canada/Eastern
CTV two (CA):Canada/Eastern
CTi TV:Asia/Taipei
CW Seed:US/Eastern
CWSEED.com (US):US/Eastern
Cable Public Affairs Channel:Canada/Eastern
Cable Public Affairs Channel (CA):Canada/Eastern
Cable TV:Asia/Hong_Kong
CablePulse24 (CA):Canada/Eastern
Cablevisión Flow:America/Buenos_Aires
Cambridge Presents (UK):Europe/London
Canadian Broadcasting Company:Canada/Eastern
Canadian Learning Television:Canada/Eastern
Canal 10 (AR):America/Buenos_Aires
Canal 10 Saeta:America/Montevideo
Canal 11:Europe/Lisbon
Canal 13:America/Santiago
Canal 13 (AR):America/Buenos_Aires
Canal 22:America/Mexico_City
Canal 4 Montecarlo:America/Montevideo
Canal 5:America/Mexico_City
Canal 9 (AR):America/Buenos_Aires
Canal Brasil:America/Sao_Paulo
Canal D:Canada/Eastern
Canal Famille:Canada/Eastern
Canal J:Europe/Paris
Canal Off:America/Sao_Paulo
Canal Once:America/Mexico_City
Canal Plus:Europe/Paris
Canal Q:Europe/Lisbon
Canal Sony:America/Sao_Paulo
Canal Sur:Europe/Madrid
Canal Vie:Canada/Eastern
Canal de las Estrellas:America/Mexico_City
Canal de las Estrellas Latinoamerica (US):US/Eastern
Canal+:Europe/Paris
Canal+ (ES):Europe/Madrid
Canal+ Africa:Africa/Dakar
Canal+ Cyfrowy:Europe/Warsaw
Canale 5:Europe/Rome
Cancao News (US):US/Eastern
Canvas:Europe/Brussels
Canvas/Ketnet:Europe/Brussels
Capital TV (UK):Europe/London
Caracol TV:America/Bogota
Carlton Central:Europe/London
Carlton Television:Europe/London
Carousel:Europe/Kaliningrad
Cartoon Hangover:US/Eastern
Cartoon Network:US/Eastern
Cartoon Network (CA):Canada/Eastern
Cartoon Network (UK):Europe/London
Cartoon Network Australia:Australia/Sydney
Cartoon Network Brasil:America/Sao_Paulo
Cartoonito:Europe/London
Casa:Canada/Eastern
Caution Zero:US/Eastern
Celebrity Shop (UK):Europe/London
Centric:US/Eastern
Centric (US):US/Eastern
Ceska televize:Europe/Prague
Ceskoslovenská televize:Europe/Prague
Challenge:Europe/London
Channel 10 (IL):Asia/Jerusalem
Channel 101:US/Eastern
Channel 2:Asia/Jerusalem
Channel 3:Asia/Bangkok
Channel 4:Europe/London
Channel 5:Asia/Singapore
Channel 5 (England):Europe/London
Channel 5 (SG):Asia/Singapore
Channel 5 (TH):Asia/Bangkok
Channel 5 (UK):Europe/London
Channel 5 +24 (UK):Europe/London
Channel 6:Europe/Dublin
Channel 7:Asia/Bangkok
Channel 7 (US):US/Eastern
Channel 8:Asia/Singapore
Channel 8 (TH):Asia/Bangkok
Channel 9:Asia/Saigon
Channel 9 (UK):Europe/London
Channel A:Asia/Seoul
Channel AKA (UK):Europe/London
Channel News Asia:Asia/Singapore
Channel NewsAsia:Asia/Singapore
Channel One:Europe/Kaliningrad
Channel One (Russia):Europe/Kaliningrad
Channel S (UK):Europe/London
Channel U:Asia/Singapore
Channel [V]:Asia/Shanghai
Channel i (UK):Europe/London
Chaos Computer Club e.V:Europe/Berlin
Chart Show Dance (UK):Europe/London
Chart Show TV:Europe/London
Chat Box (UK):Europe/London
Chiba TV (JP):Asia/Tokyo
Chiba Television Broadcasting:Asia/Tokyo
Chilevisión:America/Santiago
Chiller:US/Eastern
Chinese Central Television:Asia/Shanghai
Choice:Pacific/Auckland
Chorus Sports:Europe/Dublin
Christian (UK):Europe/London
Christian Broadcasting Network:US/Eastern
Christian Television Network (US):US/Eastern
Chubu-Nippon Broadcasting:Asia/Tokyo
Chukyo TV (JP):Asia/Tokyo
Church Channel (US):US/Eastern
Chérie 25:Europe/Paris
Cielo:Europe/Rome
Cine 5:Europe/Istanbul
CineMax:US/Eastern
Cinelatino (US):US/Eastern
Cinemax:US/Eastern
Citv (UK):Europe/London
City:Canada/Eastern
City Channel:Europe/Dublin
CityTV:Canada/Eastern
Claro Video:America/Mexico_City
Classic Arts Showcase:US/Eastern
Classic FM TV:Europe/London
Cloo:US/Eastern
Cloo (fka Sleuth):US/Eastern
Club Illico:Canada/Eastern
Club RTL:Europe/Brussels
Clubland (UK):Europe/London
Colorado's Own Channel 2 (US):US/Eastern
Colors:Asia/Kolkata
Colors (UK):Europe/London
Colors TV:Asia/Kolkata
Columbia Broadcasting System, Inc.:US/Eastern
Comcast Entertainment Television (US):US/Eastern
Comcast Network:US/Eastern
Comcast Television (US):US/Eastern
Comcast hometown network (US):US/Eastern
Comcast/Charter Sports Southeast (US):US/Eastern
Comedy (CA):Canada/Eastern
Comedy Central:US/Eastern
Comedy Central (DE):Europe/Berlin
Comedy Central (ES):Europe/Madrid
Comedy Central (FR):Europe/Paris
Comedy Central (Latin America):US/Eastern
Comedy Central (NL):Europe/Amsterdam
Comedy Central (UK):Europe/London
Comedy Central (US):US/Eastern
Comedy Channel:US/Eastern
Comedy MOVIES (AU):Australia/Sydney
Comedy central:US/Eastern
Comedy.tv (US):US/Eastern
Comic-Con HQ:US/Eastern
Commercial Television:Asia/Hong_Kong
Community Channel:Europe/London
Comédie !:Europe/Paris
Comédie+:Europe/Paris
Conmebol TV:America/Sao_Paulo
Contar:America/Buenos_Aires
Controversial TV (UK):Europe/London
Cooking Channel:US/Eastern
Coptic TV (US):US/Eastern
Cornerstone Television (US):US/Eastern
Corus Entertainment:Canada/Eastern
Cosmopolitan TV:America/Buenos_Aires
Cottage Life:Canada/Eastern
Cottage Life (CA):Canada/Eastern
Coture:Asia/Taipei
Couleur 3:Europe/Zurich
Country Music Television (US):US/Eastern
Court TV:US/Eastern
Cozi TV (US):US/Eastern
Crackle:US/Eastern
Crave:Canada/Eastern
CraveTV:Canada/Eastern
Create and Craft (UK):Europe/London
Credo TV (US):US/Eastern
Crime & Investigation Network:US/Eastern
Crime & Investigation Network (AU):Australia/Sydney
Crime & Investigation Network (Europe):Europe/London
Crime & Investigation Network (UK):Europe/London
Crime & Investigation Network (US):US/Eastern
Crunchyroll:US/Eastern
Cuatro:Europe/Madrid
CuriosityStream:US/Eastern
Current TV:US/Eastern
CÚLA4 (IE):Europe/Dublin
D8:Europe/Paris
DAYSTAR (US):US/Eastern
DAZN:Europe/London
DC Universe:US/Eastern
DD-Gujarati:Asia/Kolkata
DDR1:Europe/Berlin
DFamilia (US):US/Eastern
DIA TV:Asia/Seoul
DISCOVERY SCIENCE (CA):Canada/Eastern
DISCOVERY home&health (UK):Europe/London
DIY Network:US/Eastern
DIY Network Canada:Canada/Eastern
DM Digital (UK):Europe/London
DMAX:Europe/Berlin
DMAX (DE):Europe/Berlin
DMAX (IT):Europe/Rome
DMAX (UK):Europe/London
DMC:Africa/Cairo
DR K:Europe/Copenhagen
DR Ramasjang:Europe/Copenhagen
DR Ultra:Europe/Copenhagen
DR1:Europe/Copenhagen
DR2:Europe/Copenhagen
DR3:Europe/Copenhagen
DRAMA (UK):Europe/London
DRAMAcube:Asia/Seoul
DROPOUT:US/Eastern
DSF:Europe/Berlin
DTD (AU):Australia/Sydney
DTOUR (CA):Canada/Eastern
DUSK (CA):Canada/Eastern
DW (Arabia):Europe/Berlin
DaAi TV:Asia/Taipei
Dailymotion:US/Eastern
Dangerjane.tv (US):US/Eastern
Danmarks Radio:Europe/Copenhagen
Dare to Dream Network (US):US/Eastern
Dark:Europe/Madrid
Das Erste:Europe/Berlin
Dating Channel (UK):Europe/London
Daum tvPot:Asia/Seoul
Dave:Europe/London
Dawn News:Asia/Karachi
Daystar (UK):Europe/London
Deal Channel (UK):Europe/London
Denver's 7 (US):US/Eastern
DeporTV:America/Buenos_Aires
Dept Store (UK):Europe/London
Destination America:US/Eastern
Detroit Lions Television Network (US):US/Eastern
Deutsche Telekom (DE):Europe/Berlin
Deutsche Welle (US):US/Eastern
Deutsche Welle TV:Europe/Berlin
DiSNEY CHANNEL (AU):Australia/Sydney
DiSNEY CHANNEL (UK):Europe/London
DiSNEY Junior (AU):Australia/Sydney
DiSNEY Junior (UK):Europe/London
DiSNEY Junior (US):US/Eastern
DiSNEY XD (UK):Europe/London
DiSNEY.com (US):US/Eastern
Dice Media:Asia/Kolkata
DirecTV Japan:Asia/Tokyo
Direct-to-video:US/Eastern
Discovery:US/Eastern
Discovery (NL):Europe/Amsterdam
Discovery (US):US/Eastern
Discovery CHANNEL (AU):Australia/Sydney
Discovery CHANNEL (UK):Europe/London
Discovery Canada:Canada/Eastern
Discovery Channel (AU):Australia/Sydney
Discovery Channel (Asia):Asia/Singapore
Discovery Channel (Australia):Australia/Sydney
Discovery Channel (CA):Canada/Eastern
Discovery Channel (Canada):Canada/Eastern
Discovery Channel (PL):Europe/Warsaw
Discovery Channel (Poland):Europe/Warsaw
Discovery Channel (SE):Europe/Stockholm
Discovery Channel (UK):Europe/London
Discovery Channel Canada:Canada/Eastern
Discovery Family:US/Eastern
Discovery Family (US):US/Eastern
Discovery GO:US/Eastern
Discovery HD World:Asia/Singapore
Discovery HISTORY (UK):Europe/London
Discovery Health:Europe/London
Discovery Health Channel:Europe/London
Discovery History:Europe/London
Discovery Kids:US/Eastern
Discovery Life:US/Eastern
Discovery MAX:Europe/Madrid
Discovery Science:US/Eastern
Discovery Science (AU):Australia/Sydney
Discovery Science (UK):Europe/London
Discovery Shed:Europe/London
Discovery Shed. (UK):Europe/London
Discovery Turbo:US/Eastern
Discovery Turbo UK:Europe/London
Discovery World (CA):Canada/Eastern
Discovery en Español (US):US/Eastern
Discovery fit&health (US):US/Eastern
Discovery home & health (AU):Australia/Sydney
Discovery turbo MAX (AU):Australia/Sydney
Discovery+:US/Eastern
Discovery+ (NO):Europe/Oslo
Discovery+ (SE):Europe/Stockholm
Dish TV:US/Eastern
Disney Channel:US/Eastern
Disney Channel (BR):America/Sao_Paulo
Disney Channel (DE):Europe/Berlin
Disney Channel (FR):Europe/Paris
Disney Channel (Germany):Europe/Berlin
Disney Channel (IT):Europe/Rome
Disney Channel (Latin America):America/Buenos_Aires
Disney Channel (NL):Europe/Amsterdam
Disney Channel (UK):Europe/London
Disney Channel (US):US/Eastern
Disney Cinemagic:Europe/London
Disney Junior:US/Eastern
Disney Junior (CA):Canada/Eastern
Disney Junior (UK):Europe/London
Disney XD:US/Eastern
Disney XD (CA):Canada/Eastern
Disney XD (Latin America):America/Buenos_Aires
Disney+:US/Eastern
Disney+ Hotstar:Asia/Kolkata
DisneyLife:US/Eastern
Divine TV (US):US/Eastern
Dlife:Asia/Tokyo
Dmax:Europe/Berlin
Doordarshan National:Asia/Kolkata
Doordarshan News:Asia/Kolkata
Doordarshan Sports:Asia/Kolkata
Dost TV:Europe/Istanbul
Draemong:Asia/Seoul
Dragon TV:Asia/Shanghai
DramaH:Asia/Seoul
DramaX:Asia/Seoul
DreamWorks Channel:Asia/Bangkok
DrinkTV:US/Eastern
DuMont Television Network:US/Eastern
Duck TV:Europe/Bratislava
Duna TV:Europe/Budapest
E!:US/Eastern
E! (AU):Australia/Sydney
E! (CA):Canada/Eastern
E! (UK):Europe/London
E! Canada:Canada/Eastern
E-Channel:Asia/Seoul
E.tv (ZA):Africa/Johannesburg
E4:Europe/London
E4 (IE):Europe/Dublin
E4 (UK):Europe/London
EBS:Asia/Seoul
EBU (EU):CET
ECC TV (RU):Europe/Kaliningrad
EICB (US):US/Eastern
ENTV:Africa/Algiers
EO:Europe/Amsterdam
EPIC TV:Asia/Kolkata
EPIX:US/Eastern
ERT:Europe/Athens
ES.TV (US):US/Eastern
ESPN:US/Eastern
ESPN (AU):Australia/Sydney
ESPN (UK):Europe/London
ESPN 2 (US):US/Eastern
ESPN Asia:Asia/Hong_Kong
ESPN Classic:US/Eastern
ESPN Classic (US):US/Eastern
ESPN DEPORTES (US):US/Eastern
ESPN Full Court (US):US/Eastern
ESPN Game Plan (US):US/Eastern
ESPN Hong Kong:Asia/Hong_Kong
ESPN India:Asia/Kolkata
ESPN Philippines:Asia/Manila
ESPN Taiwan:Asia/Taipei
ESPN+:US/Eastern
ESPN2:Australia/Sydney
ESPN2 (AU):Australia/Sydney
ESPNEWS (US):US/Eastern
ESPNU (US):US/Eastern
ETB-2:Europe/Madrid
ETB1:Europe/Madrid
ETB2:Europe/Madrid
ETTV:Asia/Taipei
ETTV Yoyo:Asia/Taipei
ETV:Europe/Tallinn
ETV Gujarati:Asia/Kolkata
EUROCHANNEL (US):US/Eastern
EUROSPORT (AU):Australia/Sydney
EWTN TV (UK):Europe/London
Earwolf Podcast Network:US/Eastern
EbonyLife TV:Africa/Lagos
Echorouk TV:Africa/Algiers
Eden:Europe/London
Educational Broadcasting System:Asia/Seoul
EinsExtra (DE):Europe/Berlin
EinsPlus:Europe/Berlin
Einsfestival:Europe/Berlin
El Djazairia One:Africa/Algiers
El Garage TV:America/Buenos_Aires
El Khabar Broadcasting Company (KBC):Africa/Algiers
El Rey:US/Eastern
El Rey Network:US/Eastern
El Trece:America/Buenos_Aires
Eleven:Australia/Sydney
Eleven (AU):Australia/Sydney
Elhiwar ElTounsi:Africa/Tunis
Elisa Viihde:Europe/Helsinki
Elisa Viihde Viaplay:Europe/Helsinki
Elle Girl:Europe/Paris
Emmanuel TV (US):US/Eastern
Encore:US/Eastern
Encore Westerns East (US):US/Eastern
Encuentro:America/Buenos_Aires
Endemol Shine Brazil:America/Sao_Paulo
Epsilon TV:Europe/Athens
Eros Now:Asia/Kolkata
Erstes Deutsches Fernsehen:Europe/Berlin
Esperanza TV (US):US/Eastern
Esquire Network:US/Eastern
Estação Cultura da TVE:America/Sao_Paulo
Estuary TV (UK):Europe/London
Eternal Word Television Network (US):US/Eastern
EuroWorld Sport (CA):Canada/Eastern
European Broadcasting Union (EBU):Europe/Zurich
Eurosport:Europe/London
Exitos TV (US):US/Eastern
Explora:Canada/Eastern
Express Entertainment:Asia/Karachi
Expresso:Europe/Lisbon
Extreme Sports Channel (UK):Europe/London
Exxen:Europe/Istanbul
F1TV:US/Eastern
FEARNet:US/Eastern
FEARnet:US/Eastern
FEM:Europe/London
FIGHT NETWORK (CA):Canada/Eastern
FIGHT NOW tv (US):US/Eastern
FILM 4 (UK):Europe/London
FLAVA (UK):Europe/London
FLIX (US):US/Eastern
FMC (AU):Australia/Sydney
FOD:Asia/Tokyo
FORO tv (US):US/Eastern
FOUR (NZ):Pacific/Auckland
FOX:US/Eastern
FOX (FI):Europe/Helsinki
FOX (PT):Europe/Lisbon
FOX (Portugal):Europe/Lisbon
FOX (UK):Europe/London
FOX (US):US/Eastern
FOX 11 (US):US/Eastern
FOX 31 DENVER (US):US/Eastern
FOX 32 (US):US/Eastern
FOX 5 (US):US/Eastern
FOX CLASSICS (AU):Australia/Sydney
FOX COLLEGE SPORTS ATLANTIC (US):US/Eastern
FOX COLLEGE SPORTS CENTRAL (US):US/Eastern
FOX COLLEGE SPORTS PACIFIC (US):US/Eastern
FOX DEPORTES (US):US/Eastern
FOX FOOTY (AU):Australia/Sydney
FOX NEWS channel (US):US/Eastern
FOX News Channel (UK):Europe/London
FOX ROCHESTER (US):US/Eastern
FOX Reality:US/Eastern
FOX SOCCER plus (US):US/Eastern
FOX SPORTS:Australia/Sydney
FOX SPORTS 2 (AU):Australia/Sydney
FOX SPORTS 3 (AU):Australia/Sydney
FOX SPORTS ARIZONA (US):US/Eastern
FOX SPORTS CAROLINAS (US):US/Eastern
FOX SPORTS DETROIT (US):US/Eastern
FOX SPORTS FLORIDA (US):US/Eastern
FOX SPORTS INDIANA (US):US/Eastern
FOX SPORTS KANSAS CITY (US):US/Eastern
FOX SPORTS MIDWEST (US):US/Eastern
FOX SPORTS NEW ORLEANS (US):US/Eastern
FOX SPORTS NEWS (AU):Australia/Sydney
FOX SPORTS NORTH (US):US/Eastern
FOX SPORTS OHIO (US):US/Eastern
FOX SPORTS OKLAHOMA (US):US/Eastern
FOX SPORTS PRIME TICKET (US):US/Eastern
FOX SPORTS SAN DIEGO (US):US/Eastern
FOX SPORTS SOUTH (US):US/Eastern
FOX SPORTS SOUTHWEST (US):US/Eastern
FOX SPORTS SPORTSOUTH (US):US/Eastern
FOX SPORTS SUN SPORTS (US):US/Eastern
FOX SPORTS TENNESSEE (US):US/Eastern
FOX SPORTS WEST (US):US/Eastern
FOX SPORTS WISCONSIN (US):US/Eastern
FOX Sports 1:US/Eastern
FOX Sports 2:US/Eastern
FOX Traveller:Asia/Kolkata
FOX Türkiye:Europe/Istanbul
FOX Türkiye (TR):Europe/Istanbul
FOX+:America/Buenos_Aires
FRANCE24 (US):US/Eastern
FSTV (US):US/Eastern
FTV:Asia/Taipei
FUEL TV (AU):Australia/Sydney
FUNimation Channel:US/Eastern
FX:US/Eastern
FX (AU):Australia/Sydney
FX (BR):America/Sao_Paulo
FX (Latin America):America/Buenos_Aires
FX (US):US/Eastern
FX CANADA:Canada/Eastern
FX MOVIE CHANNEL (US):US/Eastern
FXX:US/Eastern
FYI:US/Eastern
Facebook Live:US/Eastern
Facebook Watch:US/Eastern
Faith World TV (UK):Europe/London
Family:Canada/Eastern
Family (CA):Canada/Eastern
Family CHRGD:Canada/Eastern
Family Channel:Canada/Eastern
Family Friendly Entertainment (US):US/Eastern
Family Gekijo:Asia/Tokyo
Family Gekijou (JP):Asia/Tokyo
Fantastic TV:Asia/Hong_Kong
Fashion TV:Europe/Paris
Feeln:US/Eastern
Filles TV:Europe/Paris
FilmOn.tv:US/Eastern
Fire Hit TV (UK):Europe/London
Fitness Channel (UK):Europe/London
Five:Europe/London
Five Channel:Europe/London
Five Life:Europe/London
Five US:Europe/London
Fix & Foxi:Europe/Berlin
Flooxer:Europe/Madrid
FlopTV:Europe/Rome
Flow TV (US):US/Eastern
Flower Ave. Films:US/Eastern
Food Network:US/Eastern
Food Network (UK):Europe/London
Food Network Canada:Canada/Eastern
Food Network Kitchen:US/Eastern
Forever Dog:US/Eastern
Formula 1 TV:US/Eastern
Formula 1 TV (USA):US/Eastern
Fox:Europe/Rome
Fox (BZ):America/Belize
Fox (CR):America/Costa_Rica
Fox (GT):America/Guatemala
Fox (HN):America/Tegucigalpa
Fox (IT):Europe/Rome
Fox (Latin America):America/Buenos_Aires
Fox (NI):America/Managua
Fox (SV):America/El_Salvador
Fox 1 (Brazil):America/Sao_Paulo
Fox 1 (Latin America):America/Buenos_Aires
Fox 8 (NL):Europe/Amsterdam
Fox Action (Brazil):America/Sao_Paulo
Fox Action (Latin America):America/Buenos_Aires
Fox Action Movies:Asia/Shanghai
Fox Business:US/Eastern
Fox Channel:Europe/Berlin
Fox Channel (BR):America/Sao_Paulo
Fox Channel (DE):Europe/Berlin
Fox Channel (FI):Europe/Helsinki
Fox Channel (IT):Europe/Rome
Fox Channel (UK):Europe/London
Fox Cinéma:America/Buenos_Aires
Fox Classics:America/Buenos_Aires
Fox Comedy:America/Buenos_Aires
Fox Crime:Europe/Rome
Fox España:Europe/Madrid
Fox Family:US/Eastern
Fox Family (Latin America):America/Buenos_Aires
Fox Kids:US/Eastern
Fox Kids (FR):Europe/Paris
Fox Life:Europe/Rome
Fox Life (BR):America/Sao_Paulo
Fox Life (IT):Europe/Rome
Fox Life (Latin America):America/Buenos_Aires
Fox Life (NL):Europe/Amsterdam
Fox Movies:America/Buenos_Aires
Fox Nation:US/Eastern
Fox News:US/Eastern
Fox Premium 1 (Brazil):America/Sao_Paulo
Fox Premium 2 (Brazil):America/Sao_Paulo
Fox Reality:US/Eastern
Fox Showcase:Australia/Sydney
Fox Soccer Channel (CA):Canada/Eastern
Fox Sports:US/Eastern
Fox Sports (AU):Australia/Sydney
Fox Sports 1:US/Eastern
Fox Sports 2:US/Eastern
Fox Sports Net:US/Eastern
Fox Telecolombia:America/Bogota
Fox8:Australia/Sydney
Foxsports:US/Eastern
Foxtel Arts:Australia/Sydney
France 2:Europe/Paris
France 24 (UK):Europe/London
France 3:Europe/Paris
France 4:Europe/Paris
France 5:Europe/Paris
France Inter:Europe/Paris
France Ô:Europe/Paris
Fred TV:US/Eastern
Freeform:US/Eastern
Fremantle:Europe/London
Frissons TV:Canada/Eastern
Frost Great Outdoors (US):US/Eastern
Fuel TV:US/Eastern
Fuji TV:Asia/Tokyo
Fullscreen:US/Eastern
Fuse:US/Eastern
Fusion:US/Eastern
Fusion (US):US/Eastern
Futura:America/Sao_Paulo
G1:America/Sao_Paulo
G4:US/Eastern
G4 Canada:Canada/Eastern
G4TechTV Canada:Canada/Eastern
GAC Family:US/Eastern
GAIN:Europe/Istanbul
GBN (US):US/Eastern
GEB AMERICA (US):US/Eastern
GEO News (UK):Europe/London
GEO Super:Asia/Karachi
GEO UK (UK):Europe/London
GLOBO TV International (US):US/Eastern
GLV (AU):Australia/Sydney
GMA:Asia/Manila
GMA Network:Asia/Manila
GMC TV:US/Eastern
GMM One:Asia/Bangkok
GMM25:Asia/Bangkok
GNT:America/Sao_Paulo
GO (ZA):Africa/Johannesburg
GO! (AU):Australia/Sydney
GOLD (AU):Australia/Sydney
GOLD (UK):Europe/London
GOLD2 (AU):Australia/Sydney
GOLF CHANNEL (US):US/Eastern
GOLTV (US):US/Eastern
GSN:US/Eastern
GTS (AU):Australia/Sydney
GTV:Asia/Taipei
GTV (AU):Australia/Sydney
GWN7 (AU):Australia/Sydney
GYAO!:Asia/Tokyo
GZBN:Asia/Shanghai
Gaia:US/Eastern
Gaiam TV:US/Eastern
Gaiam TV :US/Eastern
Galavisión (US):US/Eastern
Gamavision (MX):America/Mexico_City
Game One:Europe/Paris
Game Show Network:US/Eastern
Game Show Network (US):US/Eastern
GameTV Canada:Canada/Eastern
Gay Network (UK):Europe/London
GayXChange (UK):Europe/London
Gazeta:America/Sao_Paulo
Gem (AU):Australia/Sydney
Gem Shopping Network (US):US/Eastern
Gems TV (UK):Europe/London
Gems TV Extra (UK):Europe/London
Geo TV:Asia/Karachi
Global:Canada/Eastern
Global Television Network:Canada/Eastern
Globo International (AU):Australia/Sydney
GloboNews:America/Sao_Paulo
Globoplay:America/Sao_Paulo
Gloob:America/Sao_Paulo
Glory TV (UK):Europe/London
Go90:US/Eastern
GoPlay:Asia/Jakarta
God Channel (UK):Europe/London
God's Learning Channel (US):US/Eastern
Golf Channel:US/Eastern
Golf Digest:US/Eastern
Good Food (UK):Europe/London
Gospel Channel (UK):Europe/London
Great American Country:US/Eastern
Greatest Hits (UK):Europe/London
Guardian Television Network:US/Eastern
Gulli:Europe/Paris
H2:US/Eastern
H2 (CA):Canada/Eastern
H2 (UK):Europe/London
HBO:US/Eastern
HBO Asia:Asia/Singapore
HBO CANADA:Canada/Eastern
HBO Canada:Canada/Eastern
HBO España:Europe/Madrid
HBO Europe:Europe/Budapest
HBO Family (US):US/Eastern
HBO Latin America:America/Sao_Paulo
HBO Magyarország:Europe/Budapest
HBO Max:US/Eastern
HBO Nordic:Europe/Stockholm
HBO Signature (US):US/Eastern
HBO2 (US):US/Eastern
HDNet:US/Eastern
HEI Network:US/Eastern
HGTV:US/Eastern
HGTV (UK):Europe/London
HGTV Canada:Canada/Eastern
HIFI:Canada/Eastern
HISTORY (AU):Australia/Sydney
HISTORY (UK):Europe/London
HITN (US):US/Eastern
HKTV:Asia/Hong_Kong
HLN:US/Eastern
HOT:Asia/Jerusalem
HR (DE):Europe/Berlin
HRT2 (HR):Europe/Zagreb
HRTV (US):US/Eastern
HSN (US):US/Eastern
HSV (AU):Australia/Sydney
HUMAN:Europe/Amsterdam
HUMAN (NL):Europe/Amsterdam
Hakka TV:Asia/Taipei
Hallmark Channel:US/Eastern
Hallmark MOVIES & MYSTERIES (US):US/Eastern
Hallmark Movies & Mysteries:US/Eastern
Hallmark Movies Now:US/Eastern
Harmony Channel (US):US/Eastern
Headline News (US):US/Eastern
Healthy Living Network (US):US/Eastern
Heart TV (UK):Europe/London
Heartland:US/Eastern
Hessischer Rundfunk:Europe/Berlin
Het Gesprek (NL):Europe/Amsterdam
Hidayat TV (UK):Europe/London
High Street TV (UK):Europe/London
Hikari TV:Asia/Tokyo
Histoire:Europe/Paris
Historia:Europe/Madrid
Historia (CA):Canada/Eastern
Historia (ES):Europe/Madrid
History:US/Eastern
History (CA):Canada/Eastern
History (UK):Europe/London
History Canada:Canada/Eastern
History Channel (UK):Europe/London
History International:US/Eastern
History Television:Canada/Eastern
History en Español (US):US/Eastern
Hoichoi:Asia/Kolkata
Hokkaido Television Broadcasting:Asia/Tokyo
Holiday & Cruise (UK):Europe/London
Home & Garden Television:US/Eastern
Home Team Networks (US):US/Eastern
Hope CHANNEL (US):US/Eastern
Hope Church Channel (US):US/Eastern
Horror Channel (UK):Europe/London
Horse & Country TV (UK):Europe/London
Hotstar:Asia/Kolkata
Howard TV (US):US/Eastern
Hrvatska radiotelevizija:Europe/Zagreb
Hulu:US/Eastern
Hum TV:Asia/Karachi
Hunan TV:Asia/Shanghai
Hungama:Asia/Kolkata
Hír TV:Europe/Budapest
IB3:Europe/Madrid
IBC (PH):Asia/Manila
ICE TV:Indian/Maldives
ICI Explora:Canada/Eastern
ICI RADIO-CANADA TÉLÉ:Canada/Eastern
ICI TOU.TV:Canada/Eastern
ICI Tou.tv:Canada/Eastern
ICI Télé:Canada/Eastern
ICTV:Europe/Kiev
ICTV (AU):Australia/Sydney
IFC:US/Eastern
IFC (CA):Canada/Eastern
IKON:Europe/Amsterdam
IMDb TV:US/Eastern
IMPACT Plus:US/Eastern
INSP:US/Eastern
INVESTIGATION DISCOVERY (UK):Europe/London
IQRA TV (UK):Europe/London
IRIB TV1:Asia/Tehran
ITV:Europe/London
ITV 1:Europe/London
ITV Central:Europe/London
ITV Cymru Wales:Europe/London
ITV Encore:Europe/London
ITV Gold (US):US/Eastern
ITV Granada:Europe/London
ITV Hub:Europe/London
ITV London:Europe/London
ITV Wales:Europe/London
ITV1:Europe/London
ITV2:Europe/London
ITV3:Europe/London
ITV4:Europe/London
ITVBe:Europe/London
Ideal Extra (UK):Europe/London
Ideal World (UK):Europe/London
Imagen Televisión:America/Mexico_City
Imago TV:Europe/Paris
Impact TV (US):US/Eastern
Imparja (AU):Australia/Sydney
Independent Film Channel:US/Eastern
Independent Television Network:Asia/Colombo
Indus Music:Asia/Karachi
Indus News:Asia/Karachi
Indus Vision:Asia/Karachi
Infinity:Europe/Rome
Information TV (UK):Europe/London
Inmigrante TV (US):US/Eastern
Insight TV:Europe/Amsterdam
Inspiration (UK):Europe/London
Inspiration Network International (US):US/Eastern
Instagram / IGTV:US/Eastern
Internet:UTC
Investigation:Canada/Eastern
Investigation Discovery:US/Eastern
Investigation Discovery (CA):Canada/Eastern
Ion Television:US/Eastern
Islam Channel (UK):Europe/London
Italia 1:Europe/Rome
Itv:Europe/London
J:COMテレビ:Asia/Tokyo
JIM:Europe/Helsinki
JLTV (US):US/Eastern
JML Direct (UK):Europe/London
JML Living (UK):Europe/London
JOJ:Europe/Bratislava
JUCE TV (US):US/Eastern
JUS ONE (US):US/Eastern
JUS PUNJABI (US):US/Eastern
JUSTICE CENTRAL (US):US/Eastern
JW.org:US/Eastern
Jak-TV (ID):Asia/Jakarta
Jetix (NL):Europe/Amsterdam
Jeuxvideo.com:Europe/Paris
Jewellery Channel (UK):Europe/London
Jewellery Maker (UK):Europe/London
Jiangsu TV:Asia/Shanghai
Joi:Europe/Rome
Joiz (CH):Europe/Zurich
Joiz (DE):Europe/Berlin
Jovem Pan News:America/Sao_Paulo
Joyn:Europe/Berlin
Joyn (Germany):Europe/Berlin
June:Europe/Paris
Jupiter Broadcasting:US/Eastern
Jupiter Broadcasting :US/Eastern
K2:Europe/Rome
KABC-TV Los Angeles (US):US/Eastern
KARE 11 (US):US/Eastern
KBS:Asia/Seoul
KBS 1:Asia/Seoul
KBS 2:Asia/Seoul
KBS Joy:Asia/Seoul
KBS Kyoto:Asia/Seoul
KBS TV1:Asia/Seoul
KBS TV2:Asia/Seoul
KBS World:Asia/Seoul
KCET:US/Eastern
KICC TV (UK):Europe/London
KIKA:Europe/Berlin
KING-TV (US):US/Eastern
KION:Europe/Kaliningrad
KKTV:Asia/Taipei
KMTV (UK):Europe/London
KNLJ (US):US/Eastern
KNXT (US):US/Eastern
KO-AM TV (US):US/Eastern
KPN Presenteert:Europe/Brussels
KRO:Europe/Amsterdam
KRO / NCRV:Europe/Amsterdam
KRO-NCRV:Europe/Amsterdam
KTLA 5 (US):US/Eastern
KTN:Asia/Karachi
KTV (JP):Asia/Tokyo
KVOS:US/Eastern
KYW-TV (US):US/Eastern
Kabel 1:Europe/Berlin
Kabel eins:Europe/Berlin
Kabel1 (DE):Europe/Berlin
Kakao TV:Asia/Seoul
KakaoTV:Asia/Seoul
Kampüs TV:Europe/Istanbul
Kan:Asia/Jerusalem
Kan 11:Asia/Jerusalem
KanaalTwee:Europe/Brussels
Kanal 1 (SE):Europe/Stockholm
Kanal 4:Europe/Copenhagen
Kanal 4 (DK):Europe/Copenhagen
Kanal 5:Europe/Copenhagen
Kanal 5 (DK):Europe/Copenhagen
Kanal 5 (SE):Europe/Stockholm
Kanal 7:Europe/Istanbul
Kanal A (TR):Europe/Istanbul
Kanal A (Turkey):Europe/Istanbul
Kanal D:Europe/Istanbul
Kanal D Romania:Europe/Bucharest
Kansai TV:Asia/Tokyo
Kapamilya Channel:Asia/Manila
Kapamilya Network:Asia/Manila
Kashish TV:Asia/Karachi
Kawish Television Network:Asia/Karachi
Kenya Television Network:Asia/Karachi
Kenya Television Network (KE):Africa/Nairobi
Kerrang! TV:Europe/London
Keshet:Asia/Jerusalem
Keshet 12:Asia/Jerusalem
Ketnet:Europe/Brussels
Ketnet (BE):Europe/Brussels
KiKa:Europe/Berlin
Kids Station:Asia/Tokyo
Kids and Teens TV:US/Eastern
KinoPoisk:Europe/Kaliningrad
Kiss:Europe/London
Kix (UK):Europe/London
Klear TV (UK):Europe/London
Knowledge Network:Canada/Eastern
Koldcast.tv (US):US/Eastern
Korean Central Television:Asia/Pyongyang
Korean Channel (US):US/Eastern
Korean_Broadcasting_System:Asia/Seoul
Kunskapskanalen:Europe/Stockholm
Kyoto Broadcasting System:Asia/Tokyo
Kyushu Asahi Broadcasting:Asia/Tokyo
Kyushu Asahi Broadcasting (KBC):Asia/Tokyo
L Équipe 21:Europe/Paris
L!VETV (UK):Europe/London
L'Équipe 21:Europe/Paris
L1 (NL):Europe/Amsterdam
LATV (US):US/Eastern
LCI:Europe/Paris
LFC TV (UK):Europe/London
LFN (US):US/Eastern
LINE TV (TH):Asia/Bangkok
LLBN Arabic (US):US/Eastern
LLBN Chinese (US):US/Eastern
LLBN English (US):US/Eastern
LLBN Latino (US):US/Eastern
LLBN Southern Asia (US):US/Eastern
LLink (NL):Europe/Amsterdam
LMN:US/Eastern
LNK TV:Europe/Vilnius
LOGO:US/Eastern
LONDON LIVE (UK):Europe/London
LONGHORN NETWORK (US):US/Eastern
LOOKBOOK.nu (US):US/Eastern
LRS (AU):Australia/Sydney
La 2 (TVE2):Europe/Madrid
La Cinq:Europe/Paris
La Deux:Europe/Brussels
La Familia Cosmovision (US):US/Eastern
La Red:America/Santiago
La Siete:Europe/Madrid
La Trois:Europe/Brussels
La Une:Europe/Brussels
La Uno (TVE1):Europe/Madrid
La5:Europe/Rome
La7:Europe/Rome
LaSexta:Europe/Rome
Latest TV (UK):Europe/London
LeSEA broadcasting network (US):US/Eastern
Lebanese Broadcasting Corporation International:Asia/Beirut
LewSpears (Australia):Australia/Sydney
Liberty Channel:US/Eastern
Liberty TV:Europe/London
Libya Al Ahrar TV:Africa/Tripoli
Libya Al Riadhiya:Africa/Tripoli
Libya Alhurra TV:Africa/Tripoli
Libya Awalan TV:Africa/Tripoli
Life Network (CA):Canada/Eastern
Life OK:Asia/Kolkata
LifeStyle:Australia/Sydney
LifeStyle FOOD:Australia/Sydney
LifeStyle HOME:Australia/Sydney
LifeStyle You. (AU):Australia/Sydney
LifeTalk Network (US):US/Eastern
Lifetime:US/Eastern
Lifetime (CA):Canada/Eastern
Lifetime (UK):Europe/London
Lifetime (US):US/Eastern
Lifetime Korea:Asia/Seoul
Lifetime UK:Europe/London
Line TV:Asia/Taipei
Liquidation Channel (US):US/Eastern
Live Well NETWORK (US):US/Eastern
Live Well Network:US/Eastern
Living:Europe/London
Living Asia Channel (PH):Asia/Manila
Living Faith TV (US):US/Eastern
Local 4 (US):US/Eastern
Logo:US/Eastern
London Live:Europe/London
London Weekend Television:Europe/London
London Weekend Television (LWT):Europe/London
Longhorn Network:US/Eastern
Loveworld TV (UK):Europe/London
Luxury TV (UK):Europe/London
Lâlegül TV:Europe/Istanbul
M-Net:Africa/Johannesburg
M1 (RU):Europe/Kaliningrad
M10 TV (AU):Australia/Sydney
M3 (CA):Canada/Eastern
M6:Europe/Paris
MAD World (AU):Australia/Sydney
MAIN EVENT (AU):Australia/Sydney
MASTERPIECE MOVIES (AU):Australia/Sydney
MATV:Europe/London
MAX:Europe/Oslo
MAX (NL):Europe/Amsterdam
MBC:Asia/Seoul
MBC 1:Asia/Dubai
MBC 2 (UAE):Asia/Dubai
MBC 3 (UAE):Asia/Dubai
MBC 4 (UAE):Asia/Dubai
MBC Drama:Asia/Seoul
MBC Drama (UAE):Asia/Dubai
MBC Every 1:Asia/Seoul
MBC Every1:Asia/Seoul
MBC Masr:Africa/Cairo
MBC Persia:Asia/Tehran
MBC Plus Media:Asia/Seoul
MBC Queen:Asia/Seoul
MBN:Asia/Seoul
MBS:Asia/Tokyo
MCE TV (Ma Chaîne Étudiante):Europe/Paris
MCM:Europe/Paris
MCOT:Asia/Bangkok
MDR:Europe/Berlin
MDV (AU):Australia/Sydney
MEGA:America/Santiago
MGM (UK):Europe/London
MGM HD (US):US/Eastern
MGM Television:US/Eastern
MGS (AU):Australia/Sydney
MHz Worldview (US):US/Eastern
MILITARY HISTORY (US):US/Eastern
MKTV (US):US/Eastern
MLB EXTRA INNINGS (US):US/Eastern
MLB NETWORK (US):US/Eastern
MLB Network:US/Eastern
MLS DIRECT KICK (US):US/Eastern
MNN:US/Eastern
MOJO (US):US/Eastern
MOVIE CHANNEL (US):US/Eastern
MOVIES! (US):US/Eastern
MPT 1:Europe/Skopje
MSG (US):US/Eastern
MSG+ (US):US/Eastern
MSNBC:US/Eastern
MTA Muslim TV (UK):Europe/London
MTN (AU):Australia/Sydney
MTV:US/Eastern
MTV (AU):Australia/Sydney
MTV (AU/NZ):Australia/Sydney
MTV (CA):Canada/Eastern
MTV (FI):Europe/Helsinki
MTV (FR):Europe/Paris
MTV (Lebanon):Asia/Beirut
MTV (PL):Europe/Warsaw
MTV (UK):Europe/London
MTV (US):US/Eastern
MTV Base:Europe/London
MTV Brazil:America/Sao_Paulo
MTV CLASSIC (AU):Australia/Sydney
MTV CLASSIC (UK):Europe/London
MTV Central (DE):Europe/Berlin
MTV DANCE (AU):Australia/Sydney
MTV Dance:Europe/London
MTV España:Europe/Madrid
MTV HITS (UK):Europe/London
MTV Hits:US/Eastern
MTV India:Asia/Kolkata
MTV Italia:Europe/Rome
MTV Jams (US):US/Eastern
MTV LIVE (UK):Europe/London
MTV Latin America:US/Eastern
MTV Live:US/Eastern
MTV MUSIC (AU):Australia/Sydney
MTV MUSIC (UK):Europe/London
MTV Mandarin:Asia/Taipei
MTV Nederland:Europe/Amsterdam
MTV Poland:Europe/Warsaw
MTV ROCKS (UK):Europe/London
MTV2:US/Eastern
MTV2 (CA):Canada/Eastern
MTV3:Europe/Helsinki
MUNDOFOX (US):US/Eastern
MUTV:Europe/London
MX:Asia/Kolkata
MYXTV (US):US/Eastern
Madani Channel (UK):Europe/London
Madd - Entertainment:Europe/Istanbul
Made in Bristol (UK):Europe/London
Made in Cardiff (UK):Europe/London
Made in Leeds (UK):Europe/London
Made in Teesside (UK):Europe/London
Made in Tyne & Wear (UK):Europe/London
MagentaTV:Europe/Berlin
Magic:Europe/London
Magnolia Network:US/Eastern
Magyar Televizió:Europe/Budapest
Magyar Televízió:Europe/Budapest
Mainichi Broadcasting System:Asia/Tokyo
Mais Globosat:America/Sao_Paulo
Mais na Tela:America/Sao_Paulo
Mais na tela:America/Sao_Paulo
Manchester United TV:Europe/London
Mango TV:Asia/Shanghai
Maori Television:Pacific/Auckland
Marketplace (UK):Europe/London
MasterClass:US/Eastern
MavTV:US/Eastern
Max (AU):Australia/Sydney
Maxdome:Europe/Berlin
MeTV (US):US/Eastern
MeVue (USA):US/Eastern
MediaCorp Channel 5:Asia/Singapore
MediaCorp Channel 8:Asia/Singapore
MediaCorp Channel U:Asia/Singapore
Mediaset:Europe/Rome
Mega:America/Santiago
Mega Channel:Europe/Athens
Mexicanal (US):US/Eastern
MiND: Media Independence (US):US/Eastern
Midlands Asian Television:Europe/London
Military Channel:US/Eastern
Minnesota Channel (US):US/Eastern
Mnet:Asia/Seoul
Mnet AMERICA (US):US/Eastern
Moi & Cie:Canada/Eastern
Mondo TV:Europe/Rome
MoonTV:Europe/Helsinki
More Than Movies (UK):Europe/London
More.tv:Europe/Kaliningrad
More4:Europe/London
MotorTrend:US/Eastern
MotorTrend (IT):Europe/Rome
MotorTrendOnDemand:US/Eastern
Motors TV (UK):Europe/London
Movie Central:Canada/Eastern
Movie Extra (AU):Australia/Sydney
Movie Extra (Australia):Australia/Sydney
Movies 24 (UK):Europe/London
Movies4Men (UK):Europe/London
Movistar Series (España):Europe/Madrid
Movistar+:Europe/Madrid
Much:Canada/Eastern
Much (CA):Canada/Eastern
Much TV:Asia/Taipei
MuchMusic:Canada/Eastern
MuchMusic (CA):Canada/Eastern
Multimedios Television (US):US/Eastern
Multishow:America/Sao_Paulo
Mundo Nick (MX):America/Mexico_City
Mundo Nick (PR):America/Puerto_Rico
MundoVision (US):US/Eastern
Munhwa Broadcasting Corporation:Asia/Seoul
MusiquePlus:Canada/Eastern
Mustard TV (UK):Europe/London
My Channel (UK):Europe/London
My family tv (US):US/Eastern
MyDestination.tv (US):US/Eastern
MyNetworkTV:US/Eastern
MyTF1:Europe/Paris
Mya:Europe/Rome
Māori Television:Pacific/Auckland
NASA TELEVISION (US):US/Eastern
NAT GEO PEOPLE (AU):Australia/Sydney
NAT GEO WILD (AU):Australia/Sydney
NAT GEO WILD (UK):Europe/London
NATIONAL GEOGRAPHIC CHANNEL (AU):Australia/Sydney
NATIONAL GEOGRAPHIC CHANNEL (CA):Canada/Eastern
NAVER tvcast:Asia/Seoul
NBA League Pass (US):US/Eastern
NBA TV:US/Eastern
NBA TV (US):US/Eastern
NBC:US/Eastern
NBC 4 NEW YORK (US):US/Eastern
NBC 4 Southern California (US):US/Eastern
NBC 4 WASHINGTON D.C. (US):US/Eastern
NBC 5 Chicago (US):US/Eastern
NBC Sports Network:US/Eastern
NBC Universo:US/Eastern
NBCSN:US/Eastern
NBCSN (US):US/Eastern
NBN (AU):Australia/Sydney
NCRV:Europe/Amsterdam
NDR:Europe/Berlin
NDTV 24x7:Asia/Kolkata
NDTV 24x7 (UK):Europe/London
NDTV Good Times:Asia/Kolkata
NDTV India:Asia/Kolkata
NECN (US):US/Eastern
NECO:Asia/Tokyo
NEN (AU):Australia/Sydney
NET 5:Europe/Amsterdam
NET TV:America/Buenos_Aires
NET.:Asia/Jakarta
NEW (AU):Australia/Sydney
NEWS 12 BROOKLYN (US):US/Eastern
NEWS 12 CONNECTICUT (US):US/Eastern
NEWS 12 HUDSON VALLEY (US):US/Eastern
NEWS 12 LONG ISLAND (US):US/Eastern
NEWS 12 NEW JERSEY (US):US/Eastern
NEWS 12 THE BRONX (US):US/Eastern
NEWS 12 TRAFFIC AND WEATHER (US):US/Eastern
NEWS 12 WESTCHESTER (US):US/Eastern
NEWS 13 (US):US/Eastern
NEWS CHANNEL 9 (US):US/Eastern
NFL NETWORK (US):US/Eastern
NFL Network:US/Eastern
NFL Redzone (US):US/Eastern
NFL Sunday Ticket (US):US/Eastern
NFL Sunday Ticket Redzone (US):US/Eastern
NHK:Asia/Tokyo
NHK Animax:Asia/Tokyo
NHK BS1:Asia/Tokyo
NHK World (UK):Europe/London
NHL Center Ice (US):US/Eastern
NHL NETWORK (US):US/Eastern
NHL Network:US/Eastern
NHNZ:Pacific/Auckland
NITV (AU):Australia/Sydney
NOGGIN:US/Eastern
NOS:Europe/Amsterdam
NOVE:Europe/Rome
NPO 1:Europe/Amsterdam
NPO 3:Europe/Amsterdam
NPR:US/Eastern
NPS:Europe/Amsterdam
NPS (NL):Europe/Amsterdam
NRB (US):US/Eastern
NRJ 12:Europe/Paris
NRK:Europe/Oslo
NRK Super:Europe/Oslo
NRK1:Europe/Oslo
NRK2:Europe/Oslo
NRK3:Europe/Oslo
NRN (AU):Australia/Sydney
NT1:Europe/Paris
NTA:Africa/Lagos
NTD (AU):Australia/Sydney
NTR:Europe/Amsterdam
NTV:Asia/Tokyo
NTV (JP):Asia/Tokyo
NTV (TW):Asia/Taipei
NTV (UK):Europe/London
NTV7:Asia/Kuala_Lumpur
NUVOtv (US):US/Eastern
NVTV (UK):Europe/London
NWCN (US):US/Eastern
NWS (AU):Australia/Sydney
NY1 (US):US/Eastern
NYCTV life (US):US/Eastern
Nagoya Broadcasting Network:Asia/Tokyo
Nagoya Broadcasting Network (JP):Asia/Tokyo
Namava:Asia/Tehran
Nat Geo Kids (BR):America/Sao_Paulo
Nat Geo Wild:US/Eastern
National Broadcasting Company:US/Eastern
National Geographic:US/Eastern
National Geographic (AU):Australia/Sydney
National Geographic (AU/NZ):Australia/Sydney
National Geographic (BG):Europe/Sofia
National Geographic (FI):Europe/Helsinki
National Geographic (NO):Europe/Oslo
National Geographic (UK):Europe/London
National Geographic (US):US/Eastern
National Geographic Adventure:US/Eastern
National Geographic Channel:US/Eastern
National Geographic Nederland-België:Europe/Amsterdam
National Geographic Wild:US/Eastern
National Geographiс:US/Eastern
National Jewish Television (US):US/Eastern
National Media Authority:Africa/Cairo
Nebula:US/Eastern
Nederland 3:Europe/Amsterdam
Nederlandse Publieke Omroep 1:Europe/Amsterdam
Nederlandse Publieke Omroep 3:Europe/Amsterdam
Nejat TV (US):US/Eastern
Nelonen:Europe/Helsinki
Neox:Europe/Madrid
Netflix:US/Eastern
Netflix (UK):Europe/London
Network 10 Australia:Australia/Sydney
Network Ten:Australia/Sydney
New England Sports Network (US):US/Eastern
New Greek TV (US):US/Eastern
New Tang Dynasty TV:US/Eastern
News One:Asia/Karachi
News9NOW (US):US/Eastern
NewsChannel 8 (US):US/Eastern
NewsOn6NOW (US):US/Eastern
NewsWatch 15 (US):US/Eastern
Nick (DE):Europe/Berlin
Nick App:US/Eastern
Nick GAS:US/Eastern
Nick Jr.:US/Eastern
Nick at Nite:US/Eastern
NickToons:US/Eastern
NickToons Network:US/Eastern
Nickelodeon:US/Eastern
Nickelodeon (DE):Europe/Berlin
Nickelodeon (Latin America):America/Buenos_Aires
Nickelodeon (NL):Europe/Amsterdam
Nico Nico Douga:Asia/Tokyo
Niconico:Asia/Tokyo
Nine (Australia):Australia/Sydney
Nine Network:Australia/Sydney
Nine network:Australia/Sydney
Nippon Housou Kyoukai:Asia/Tokyo
Nippon TV:Asia/Tokyo
Nippon Television:Asia/Tokyo
Nitro:Europe/Berlin
NoA:US/Eastern
Noggin:US/Eastern
Nolife:Europe/Paris
Nollywood Movies (UK):Europe/London
Noor TV (UK):Europe/London
Noovo:Canada/Eastern
Northern Television (CA):Canada/Eastern
Northern Visions Television:Europe/Dublin
Notts TV (UK):Europe/London
Nou 24:Europe/Madrid
Nou Televisió:Europe/Madrid
Nova:Europe/Sofia
Nova BH:Europe/Sarajevo
Nova S:Europe/Belgrade
Nova TV (HR):Europe/Zagreb
NovaTV:Europe/Sofia
Novyi Kanal:Europe/Kiev
Now TV:Asia/Hong_Kong
Nuevo Siglo TV:America/Montevideo
Numéro 23:Europe/Paris
OBS Gyeongin TV:Asia/Seoul
OCN:Canada/Eastern
OCS:Europe/Paris
OLN:Canada/Eastern
OMNI TELEVISION (CA):Canada/Eastern
ON E:Africa/Cairo
ONDirecTV (Latin America):America/Buenos_Aires
ONE (NZ):Pacific/Auckland
OPTO:Europe/Lisbon
ORF:Europe/Vienna
ORF 1:Europe/Vienna
ORF 2:Europe/Vienna
ORF III:Europe/Vienna
ORF1 (DE):Europe/Berlin
ORTF:Europe/Paris
OSN:Asia/Dubai
OUFtivi:Europe/Brussels
OUTtv:Canada/Eastern
OUTtv (CA):Canada/Eastern
OWN:US/Eastern
OWN (CA):Canada/Eastern
OWN (Canada):Canada/Eastern
Oasis HD:Canada/Eastern
Oho Gujarati:Asia/Kolkata
Oireachtas TV (IE):Europe/Dublin
Okko:Europe/Kaliningrad
Okoo:Europe/Paris
Olive:Asia/Seoul
Olive TV (UK):Europe/London
Olympic Channel:US/Eastern
Omega TV:Europe/Nicosia
Omni:Canada/Eastern
Omroep Brabant:Europe/Amsterdam
Omroep MAX:Europe/Amsterdam
Omrop Fryslân (NL):Europe/Amsterdam
OnStyle:Asia/Seoul
One 31:Asia/Bangkok
One America NEWS NETWORK (US):US/Eastern
One Channel:Europe/Athens
One Magic:Africa/Johannesburg
One World Sport (US):US/Eastern
Open Heaven TV (UK):Europe/London
Open TV:Europe/Athens
Oprah Winfrey Network:US/Eastern
Opto:Europe/Lisbon
Ora TV:US/Eastern
Orange TV España:Europe/Madrid
Orbit Network (PK):Asia/Karachi
Orbit Showtime Network:Asia/Dubai
Ouatch:Europe/Paris
OutTV:Canada/Eastern
Outdoor Channel:US/Eastern
Outside TELEVISION (US):US/Eastern
Ovation TV:US/Eastern
Overcomer Ministries (US):US/Eastern
Oxygen:US/Eastern
P5tv (IE):Europe/Dublin
PBJ (US):US/Eastern
PBS:US/Eastern
PBS AMERICA (UK):Europe/London
PBS Kids:US/Eastern
PBS Kids Sprout:US/Eastern
PC.MAG.com Network:US/Eastern
PCNC (US):US/Eastern
PIX 11 (US):US/Eastern
POP (UK):Europe/London
POPS Worldwide:Asia/Saigon
PPTV:Asia/Bangkok
PREMIER (Russia):Europe/Kaliningrad
PREMIERE MOVIES (AU):Australia/Sydney
PRIMA TV:Europe/Bucharest
PRO TV:Europe/Bucharest
PRiME7 (AU):Australia/Sydney
PTC Global (UK):Europe/London
PTC Prime (UK):Europe/London
PTC Punjabi (UK):Europe/London
PTS:Asia/Taipei
PTS HD:Asia/Taipei
PTS Taigi:Asia/Taipei
PTV (AU):Australia/Sydney
PTV Bolan:Asia/Karachi
PTV Global:US/Eastern
PTV Home:Asia/Karachi
PTV News:Asia/Karachi
PUNCH TV NETWORK (US):US/Eastern
PVC (UK):Europe/London
Pac-12 Arizona (US):US/Eastern
Pac-12 Bay Area (US):US/Eastern
Pac-12 Los Angeles (US):US/Eastern
Pac-12 Mountain (US):US/Eastern
Pac-12 Network (US):US/Eastern
Pac-12 Oregon (US):US/Eastern
Pac-12 Washington (US):US/Eastern
Pakapaka:America/Buenos_Aires
Pakistan Television Corporation (PK):Asia/Karachi
Pantaya:US/Eastern
Paramount Channel (FR):Europe/Paris
Paramount Comedy:Europe/London
Paramount Network:US/Eastern
Paramount+:US/Eastern
Paravi:Asia/Tokyo
Paris Première:Europe/Paris
Paris Première (FR):Europe/Paris
Pastor Scott (US):US/Eastern
PaverShoes.tv (UK):Europe/London
Pay-Per-View (US):US/Eastern
Peace TV (UK):Europe/London
Peace TV Urdu (UK):Europe/London
Peace tv (US):US/Eastern
Peachtree TV (US):US/Eastern
Peacock:US/Eastern
Pets.tv (US):US/Eastern
Phoenix:Europe/Berlin
Phoenix TV:Asia/Shanghai
Phoenix XNE (UK):Europe/London
Piccoma TV - ピッコマTV:Asia/Tokyo
Pick TV:Europe/London
Pitch TV (UK):Europe/London
Pitch World (UK):Europe/London
Pivot:US/Eastern
Planet Green:US/Eastern
Planet POP (UK):Europe/London
Planète+:Europe/Paris
Planète+ (Canada):Canada/Eastern
Play More:Europe/Brussels
Play UK:Europe/London
Play UK, BBC Choice:Europe/London
Play4:Europe/Brussels
Play5:Europe/Brussels
PlayJam:Europe/London
PlayPlus:America/Sao_Paulo
PlayStation Network:US/Eastern
Playboy TV:US/Eastern
Player:Europe/Warsaw
Playhouse Disney:US/Eastern
Playhouse Disney France:Europe/Paris
Playz:Europe/Madrid
Plug RTL:Europe/Brussels
Podcast (All Platforms):US/Eastern
Podimo:Europe/Copenhagen
Podium Podcast:Europe/Madrid
Polsat:Europe/Warsaw
Polynésie 1ère:Europe/Paris
Polynésie La 1re:Europe/Paris
Pop:US/Eastern
Pop Girl (UK):Europe/London
Pop TV:US/Eastern
Porto Canal:Europe/Lisbon
PowNed:Europe/Amsterdam
Praise TV (UK):Europe/London
Premier (Russia):Europe/Kaliningrad
Premier Sports (UK):Europe/London
Premiere:Europe/Berlin
Premiere (DE):Europe/Berlin
Press TV:Asia/Tehran
Price Drop (UK):Europe/London
Prima Family (CZ):Europe/Prague
Prima televize:Europe/Prague
Prime (BE):Europe/Brussels
Prime (NZ):Pacific/Auckland
Prime Box Brazil:America/Sao_Paulo
Primetime (UK):Europe/London
Pro TV:Europe/Bucharest
ProSieben:Europe/Berlin
ProSieben Maxx:Europe/Berlin
Prva Srpska Televizija:Europe/Belgrade
Psychic Today (UK):Europe/London
Pub Channel:Europe/London
Public Broadcasting Service:US/Eastern
Puls 4:Europe/Vienna
Pureflix:US/Eastern
Pursuit Channel:US/Eastern
Pyatnitsa!:Europe/Kaliningrad
Q (PH):Asia/Manila
Q TV:Europe/London
Q Television Network (US):US/Eastern
QQQ (AU):Australia/Sydney
QTQ (AU):Australia/Sydney
QTV:Asia/Karachi
QUEST (UK):Europe/London
QVC:US/Eastern
QVC (UK):Europe/London
QVC Beauty (UK):Europe/London
QVC Extra (UK):Europe/London
QVC Style (UK):Europe/London
Qatar TV:Asia/Qatar
Queens Public Television:US/Eastern
Quest:Europe/London
Quibi:US/Eastern
R&R:US/Eastern
RAI:Europe/Rome
RAI Fiction:Europe/Rome
RBB:Europe/Berlin
RCN TV:America/Bogota
RCTI:Asia/Jakarta
RCTV:America/Caracas
RDI:Canada/Eastern
REALLY (UK):Europe/London
RECIPE.TV (US):US/Eastern
RED+:America/Bogota
REVOLT (US):US/Eastern
RFD-TV (US):US/Eastern
RHC (AU):Australia/Sydney
RIPE TV (US):US/Eastern
RKK (NL):Europe/Amsterdam
RLTV:US/Eastern
RMC Découverte:Europe/Paris
RMC Sport:Europe/Paris
RMC Story:Europe/Paris
ROCKS TV (US):US/Eastern
ROGERS TV (CA):Canada/Eastern
ROOT SPORTS NORTHWEST (US):US/Eastern
ROOT SPORTS PITTSBURGH (US):US/Eastern
ROOT SPORTS ROCKY MOUNTAIN (US):US/Eastern
ROOT SPORTS UTAH (US):US/Eastern
RPC Canal 4 (PA):America/Panama
RPN (PH):Asia/Manila
RSC (US):US/Eastern
RT:Europe/Kaliningrad
RT (UK):Europe/London
RT America (US):US/Eastern
RTBF:Europe/Brussels
RTBF Webcréation:Europe/Brussels
RTF Télévision:Europe/Paris
RTHK:Asia/Hong_Kong
RTL:Europe/Luxembourg
RTL 2:Europe/Berlin
RTL 2 (DE):Europe/Berlin
RTL 4:Europe/Amsterdam
RTL 5:Europe/Amsterdam
RTL 7:Europe/Amsterdam
RTL 8:Europe/Amsterdam
RTL II:Europe/Berlin
RTL Klub:Europe/Budapest
RTL Nitro (DE):Europe/Berlin
RTL TVI:Europe/Brussels
RTL Television:Europe/Berlin
RTL Televizija:Europe/Zagreb
RTL XL:Europe/Amsterdam
RTL2:Europe/Budapest
RTL9:Europe/Paris
RTLplus:Europe/Berlin
RTM2 (MY):Asia/Kuala_Lumpur
RTP Açores:Europe/Lisbon
RTP Internacional:Europe/Lisbon
RTP Madeira:Europe/Lisbon
RTP Memória:Europe/Lisbon
RTP N:Europe/Lisbon
RTP Play:Europe/Lisbon
RTP África:Europe/Lisbon
RTP1:Europe/Lisbon
RTP2:Europe/Lisbon
RTP2 (PT):Europe/Lisbon
RTP3:Europe/Lisbon
RTQ (AU):Australia/Sydney
RTS (AU):Australia/Sydney
RTS Un:Europe/Zurich
RTV Noord (NL):Europe/Amsterdam
RTV Noord Holland:Europe/Amsterdam
RTV Noord-Holland (NL):Europe/Amsterdam
RTV Oost (NL):Europe/Amsterdam
RTV Rijnmond (NL):Europe/Amsterdam
RTV Slovenija:Europe/Bratislava
RTV Utrecht (NL):Europe/Amsterdam
RTV West (NL):Europe/Amsterdam
RTVC Spain:Europe/Madrid
RTVS:Europe/Bratislava
RTVSLO:Europe/Ljubljana
RTÉ:Europe/Dublin
RTÉ NEWS NOW (IE):Europe/Dublin
RTÉ One:Europe/Dublin
RTÉ Two:Europe/Dublin
RTÉjr:Europe/Dublin
RURAL TV (US):US/Eastern
RVU:Europe/Amsterdam
Racing UK:Europe/London
Radio Bremen:Europe/Berlin
Radio Canada:Canada/Eastern
Radio Television of Serbia (RTS/PTC):Europe/Belgrade
Radio Televizija Vojvodine:Europe/Belgrade
Radio-Canada:Canada/Eastern
Radio-Québec:Canada/Eastern
Radiotopia:US/Eastern
Rai:Europe/Rome
Rai 1:Europe/Rome
Rai 2:Europe/Rome
Rai 3:Europe/Rome
Rai 4:Europe/Rome
Rai 5:Europe/Rome
Rai Gulp:Europe/Rome
Rai Radiotelevisione Italiana:Europe/Rome
Rai Uno:Europe/Rome
RaiPlay:Europe/Rome
RaiUno:Europe/Rome
Real Hip-Hop Network (US):US/Eastern
Real Time:Europe/Rome
Really:Europe/London
Record:America/Sao_Paulo
Record News:America/Sao_Paulo
Record TV (UK):Europe/London
RecordTV:America/Sao_Paulo
Red Bull TV:US/Eastern
Red Hot TV:Europe/London
Rede Bandeirantes:America/Sao_Paulo
Rede Brasil (RBTV):America/Sao_Paulo
Rede Globo:America/Sao_Paulo
Rede Manchete:America/Sao_Paulo
Rede Vida:America/Sao_Paulo
RedeTV!:America/Sao_Paulo
RedeTV! (BR):America/Sao_Paulo
ReelzChannel:US/Eastern
Reformation Channel (US):US/Eastern
Renault TV (UK):Europe/London
Reshet 13:Asia/Jerusalem
Retail TV (UK):Europe/London
Rete 4:Europe/Rome
Revelation TV:Europe/London
Revision 3:US/Eastern
Revision3:US/Eastern
Revolt:US/Eastern
Ricavision channel 7 (ES):Europe/Madrid
Rishtey (UK):Europe/London
Rocks & Co. (UK):Europe/London
Romance MOVIES (AU):Australia/Sydney
Rooster Teeth:US/Eastern
Rooster Teeth Productions:US/Eastern
Roya TV:Asia/Amman
Royal News:Asia/Karachi
Rundfunk Berlin-Brandenburg:Europe/Berlin
Russia Today:Europe/Kaliningrad
Russia-1:Europe/Kaliningrad
Ruutu:Europe/Helsinki
RÚV:Iceland
Ríkisútvarpið (IS):Atlantic/Reykjavik
Rúv:Iceland
S1TV:Europe/Zurich
S4/C:Europe/London
S4C:Europe/London
S4C2:Europe/London
SAB tv (UK):Europe/London
SABC 1 (ZA):Africa/Johannesburg
SABC1:Africa/Johannesburg
SABC2:Africa/Johannesburg
SABC3:Africa/Johannesburg
SAMAA TV (UK):Europe/London
SAPO Vídeos:Europe/Lisbon
SAS (AU):Australia/Sydney
SAT.1:Europe/Berlin
SBS:Asia/Seoul
SBS (AU):Australia/Sydney
SBS (KR):Asia/Seoul
SBS 6:Europe/Amsterdam
SBS Multi-cultural Television:Australia/Sydney
SBS Plus:Asia/Seoul
SBS2 (AU):Australia/Sydney
SBT:America/Sao_Paulo
SBTN (US):US/Eastern
SEC ESPN NETWORK (US):US/Eastern
SEC Network:US/Eastern
SES (AU):Australia/Sydney
SET MAX:Asia/Kolkata
SET Max (UK):Europe/London
SET Metro:Asia/Taipei
SET TV:Asia/Taipei
SETANTA SPORTS (AU):Australia/Sydney
SETANTA SPORTS 1 (IE):Europe/Dublin
SF 1:Europe/Zurich
SFR Play:Europe/Paris
SHAW TV (CA):Canada/Eastern
SHO NEXT (US):US/Eastern
SHOWCASE (US):US/Eastern
SHOWTIME BEYOND (US):US/Eastern
SHOWTIME eXtreme (US):US/Eastern
SHOWTIME2 (US):US/Eastern
SHQP (US):US/Eastern
SIC:Europe/Lisbon
SIC Caras:Europe/Lisbon
SIC Comédia:Europe/Lisbon
SIC Mulher:Europe/Lisbon
SIC Notícias:Europe/Lisbon
SIC Radical:Europe/Lisbon
SIC Sempre Gold:Europe/Lisbon
SKY Business TV (AU):Australia/Sydney
SKY International (AU):Australia/Sydney
SKY PerfecTV!:Asia/Tokyo
SKY Racing (AU):Australia/Sydney
SKY Ringside (AU):Australia/Sydney
SNN LOCAL NEWS (US):US/Eastern
SOAPnet:US/Eastern
SONY ENTERTAINMENT TELEVISION (UK):Europe/London
SONY MOVIE CHANNEL (US):US/Eastern
SONY Movie Channel (UK):Europe/London
SPACE:Canada/Eastern
SPEED (AU):Australia/Sydney
SPIKE (UK):Europe/London
SPORTS TIME OHIO (US):US/Eastern
SPORTSNET WORLD (CA):Canada/Eastern
SR:Europe/Berlin
SRF 1:Europe/Zurich
STAR Chinese Channel:Asia/Taipei
STAR Gold:Asia/Kolkata
STAR Movies:Asia/Hong_Kong
STAR News:Asia/Kolkata
STAR One:Asia/Kolkata
STAR Plus:Asia/Kolkata
STAR Sports Asia:Asia/Hong_Kong
STAR Sports Hong Kong:Asia/Hong_Kong
STAR Sports India:Asia/Kolkata
STAR Sports Malaysia:Asia/Kuala_Lumpur
STAR Sports Southeast Asia:Asia/Hong_Kong
STAR Sports Taiwan:Asia/Taipei
STAR Vijay:Asia/Kolkata
STQ (AU):Australia/Sydney
STUDIO (AU):Australia/Sydney
STV:Europe/London
STV (AU):Australia/Sydney
STV (TW):Asia/Taipei
STV (UK):Europe/London
STV Edinburgh (UK):Europe/London
STV Glasgow (UK):Europe/London
STW (AU):Australia/Sydney
SUN NEWS NETWORK (CA):Canada/Eastern
SUN TV:Asia/Kolkata
SUN music:Asia/Kolkata
SUN news:Asia/Kolkata
SUN-TV (JP):Asia/Tokyo
SUPER ÉCRAN (CA):Canada/Eastern
SVT:Europe/Stockholm
SVT 1:Europe/Stockholm
SVT 2:Europe/Stockholm
SVT1:Europe/Stockholm
SVT2:Europe/Stockholm
SVT24:Europe/Stockholm
SVTB:Europe/Stockholm
SWR:Europe/Berlin
SYFY:US/Eastern
Sab TV:Asia/Kolkata
Sabres Hockey Network (US):US/Eastern
SafeTV (US):US/Eastern
Sahara ONE:Asia/Kolkata
Sahara One (UK):Europe/London
Salto:Europe/Paris
Sama Dubai TV:Asia/Dubai
Sama TV:Asia/Damascus
Sangat TV (UK):Europe/London
Sanskar:Asia/Kolkata
Sat 1:Europe/Berlin
Sat. 1 Comedy (DE):Europe/Berlin
Sat.1:Europe/Berlin
Schweizer Fernsehen:Europe/Zurich
Sci-Fi (NL):Europe/Amsterdam
SciFi:US/Eastern
Science Channel:US/Eastern
Scuzz:Europe/London
Seeso:US/Eastern
Seezn:Asia/Seoul
Semerkand TV:Europe/Istanbul
Servus TV:Europe/Vienna
SescTV:America/Sao_Paulo
Setanta Ireland:Europe/Dublin
Seven Network:Australia/Sydney
Señal Colombia:America/Bogota
Shahid (UAE):Asia/Dubai
Shalom TV (US):US/Eastern
Shandong Television:Asia/Shanghai
Sheffield Live! (UK):Europe/London
Shenzhen TV:Asia/Shanghai
Shepherd's Chapel Network (US):US/Eastern
Shopping Channel (CA):Canada/Eastern
Shout! Factory (USA):US/Eastern
Show TV:Europe/Istanbul
ShowMax:Africa/Johannesburg
ShowMax Poland:Europe/Warsaw
Showcase:Canada/Eastern
Showcase (AU):Australia/Sydney
Showcase (CA):Canada/Eastern
Showcase (UK):Europe/London
Showcase 2 (UK):Europe/London
Showtime:US/Eastern
Shudder:US/Eastern
Sigma TV:Europe/Nicosia
Sikh Channel (UK):Europe/London
Sino TV (US):US/Eastern
Sirasa:Asia/Colombo
SiriusXM:US/Eastern
Sixx:Europe/Berlin
Sjónvarp Símans:Iceland
Sjónvarpið (IS):Atlantic/Reykjavik
Skai:Europe/Athens
Skjár einn (IS):Atlantic/Reykjavik
Skjáreinn:Atlantic/Reykjavik
Skuff TV (AU):Australia/Sydney
Sky Arte:Europe/Rome
Sky Arts:Europe/London
Sky Atlantic:Europe/London
Sky Atlantic (DE):Europe/Berlin
Sky Atlantic (IT):Europe/Rome
Sky Atlantic (UK):Europe/London
Sky Atlantic HD (DE):Europe/Berlin
Sky Box Office:Europe/London
Sky Cinema:Europe/London
Sky Cinema (IT):Europe/Rome
Sky Cinema (UK):Europe/London
Sky Comedy:Europe/London
Sky Crime (UK):Europe/London
Sky Deutschland:Europe/Berlin
Sky Documentaries:Europe/London
Sky Kids:Europe/London
Sky Link TV (US):US/Eastern
Sky Living:Europe/London
Sky Max:Europe/London
Sky Movies:Europe/London
Sky Nature:Europe/London
Sky News:Europe/London
Sky News Ireland:Europe/Dublin
Sky One:Europe/London
Sky One (DE):Europe/Berlin
Sky Showcase:Europe/London
Sky Sport (IT):Europe/Rome
Sky Sports:Europe/London
Sky Sports F1:Europe/London
Sky Three:Europe/London
Sky Travel:Europe/London
Sky Uno:Europe/Rome
Sky Witness:Europe/London
Sky1:Europe/London
Sky2:Europe/London
Sky3:Europe/London
SkyPerfecTV (JP):Asia/Tokyo
Slash:Europe/Paris
Sleuth:US/Eastern
Sleuth (TV):US/Eastern
Slice:Canada/Eastern
Smart Live Casino (UK):Europe/London
Smash Hits:Europe/London
Smile of a Child TV (US):US/Eastern
Smithsonian Channel:US/Eastern
Smithsonian Channel (CA):Canada/Eastern
Smooth (AU):Australia/Sydney
Snapchat Originals:US/Eastern
SoHo:Australia/Sydney
Sohu TV:Asia/Shanghai
SonBeam Channel (US):US/Eastern
SonLife Broadcasting Channel (UK):Europe/London
SonLife Broadcasting Network (US):US/Eastern
Sony Channel (BR):America/Sao_Paulo
Sony Crackle:US/Eastern
Sony Entertainment Television:US/Eastern
Sony Entertainment Television (BR):America/Sao_Paulo
Sony Entertainment Television (CL):America/Santiago
Sony Entertainment Television (IN):Asia/Kolkata
Sony Entertainment Television (PE):America/Lima
Sony Entertainment Television Asia (UK):Europe/London
Sony Liv:Asia/Kolkata
Sony TV:Asia/Kolkata
SonyLIV:Asia/Kolkata
Soul of the South Television Network (US):US/Eastern
Soundtrack Channel (US):US/Eastern
Southern Cross TELEVISION (AU):Australia/Sydney
Southern Cross Ten (AU):Australia/Sydney
Space:Canada/Eastern
Space (Brasil):America/Sao_Paulo
Space (Latin America):America/Buenos_Aires
Spectrum:US/Eastern
Speed:US/Eastern
Spektrum:Europe/Budapest
Spiegel Geschichte (DE):Europe/Berlin
Spike:US/Eastern
Spike (NL):Europe/Amsterdam
Spike TV:US/Eastern
Spirit (US):US/Eastern
Spirit Word (US):US/Eastern
SporTV:America/Sao_Paulo
Sports Network (CA):Canada/Eastern
Sports Network 2 (CA):Canada/Eastern
Sports Tonight Live (UK):Europe/London
SportsNet New York (US):US/Eastern
Sportsman Channel:US/Eastern
Sportsnet:Canada/Eastern
Sportsnet 360 (CA):Canada/Eastern
Sportsnet Ontario (CA):Canada/Eastern
Spotify:Europe/Stockholm
Sprout (US):US/Eastern
Stan:Australia/Sydney
Star (Latin America):America/Buenos_Aires
Star Bharat:Asia/Kolkata
Star Channel (BR):America/Sao_Paulo
Star Channel (GR):Europe/Athens
Star Channel (Greece):Europe/Athens
Star Comedy:America/Buenos_Aires
Star Gold (UK):Europe/London
Star Hits 1 (Brazil):America/Sao_Paulo
Star Hits 2 (Brazil):America/Sao_Paulo
Star Jalsha:Asia/Kolkata
Star Life (BR):America/Sao_Paulo
Star Life (Latin America):America/Buenos_Aires
Star Life Ok (UK):Europe/London
Star Media:Europe/Kaliningrad
Star Plus (UK):Europe/London
Star TV:Europe/Istanbul
Star World:Asia/Hong_Kong
Star World (IN):Asia/Kolkata
Star World (MV):Indian/Maldives
Star World (SG):Asia/Singapore
Star+:America/Buenos_Aires
Stargate Command:US/Eastern
Start Russia:Europe/Kaliningrad
Starz:US/Eastern
Starz TV (UK):Europe/London
Starz!:US/Eastern
Steel:Europe/Rome
Store (UK):Europe/London
Streamz:Europe/Brussels
Studio 100 TV:Europe/Brussels
Studio 23:Asia/Manila
Studio 4:Europe/Paris
Studio+:Europe/Paris
Style:US/Eastern
Style (AU):Australia/Sydney
Style Network:US/Eastern
Style TV:US/Eastern
Stöð 2:Iceland
Stöð 2 (IS):Atlantic/Reykjavik
Sub:Europe/Helsinki
Sun Television:Asia/Tokyo
Sundance:US/Eastern
SundanceTV:US/Eastern
Sunrise TV (UK):Europe/London
SuoimiTV:Europe/Helsinki
Super Casino (UK):Europe/London
Super Channel:Canada/Eastern
Super Channel 2 (CA):Canada/Eastern
Super Channel 3 (CA):Canada/Eastern
Super Channel 4 (CA):Canada/Eastern
Super Deluxe:US/Eastern
Super Polsat:Europe/Warsaw
Super RTL:Europe/Berlin
Super RTL (DE):Europe/Berlin
Super Écran:Canada/Eastern
Super!:Europe/Rome
SuperRTL:Europe/Berlin
Superstar TV:Europe/Belgrade
Superstation WGN:US/Eastern
Sveriges Television:Europe/Stockholm
Svt:Europe/Stockholm
Swarnawahini:Asia/Colombo
Swearnet:Canada/Eastern
SyFy Universal (DE):Europe/Berlin
SyFy.com (US):US/Eastern
Syfy:US/Eastern
Syfy (AU):Australia/Sydney
Syfy (UK):Europe/London
Syndicated (AU):Australia/Sydney
Syndicated (JP):Asia/Tokyo
Syndicated (UK):Europe/London
Syndication:US/Eastern
Syndication (CA):Canada/Eastern
Syrian Drama TV:Asia/Damascus
Séries+:Canada/Eastern
TBD:US/Eastern
TBN (Trinity Broadcasting Network):US/Eastern
TBN Enlace (US):US/Eastern
TBN Europe (UK):Europe/London
TBN Russia (US):US/Eastern
TBS:US/Eastern
TBS (DE):Europe/Berlin
TBS (JP):Asia/Tokyo
TBS (Latin America):America/Buenos_Aires
TBS Superstation:US/Eastern
TCM:Europe/London
TCN (AU):Australia/Sydney
TCT (US):US/Eastern
TCT Family (US):US/Eastern
TDT (AU):Australia/Sydney
TEENick:US/Eastern
TELECARE (US):US/Eastern
TELEMUNDO PUERTO RICO (US):US/Eastern
TEN Spain:Europe/Madrid
TEN Sports:Asia/Kolkata
TENNIS CHANNEL (US):US/Eastern
TET:Europe/Kiev
TF1:Europe/Paris
TF1 Séries:Europe/Paris
TF1 Séries Films:Europe/Paris
TF6 (FR):Europe/Paris
TFO:Canada/Eastern
TFX:Europe/Paris
TG4:Europe/Dublin
TGRT Haber:Europe/Istanbul
THRILLER MOVIES (AU):Australia/Sydney
THT:Europe/Kaliningrad
TIME WARNER CABLE SPORTS CHANNEL (US):US/Eastern
TIMvision:Europe/Rome
TITV:Asia/Taipei
TLC:US/Eastern
TLC (AU):Australia/Sydney
TLC (UK):Europe/London
TLC India:Asia/Kolkata
TMC:Europe/Monaco
TMF:Europe/Amsterdam
TMS Entertainment:Asia/Tokyo
TND (AU):Australia/Sydney
TNN:US/Eastern
TNQ (AU):Australia/Sydney
TNT:US/Eastern
TNT  (Russia):Europe/Kaliningrad
TNT (US):US/Eastern
TNT Brasil:America/Sao_Paulo
TNT Comedy (Germany):Europe/Berlin
TNT Latin America:America/Buenos_Aires
TNT Serie:Europe/Berlin
TNT Spain:Europe/Madrid
TNU:America/Montevideo
TONTON:Asia/Kuala_Lumpur
TPC (US):US/Eastern
TPS Star (FR):Europe/Paris
TQS:Canada/Eastern
TRK Ukraina:Europe/Kiev
TROS:Europe/Amsterdam
TRT 1:Europe/Istanbul
TRT Arabic:Europe/Istanbul
TRT Avaz:Europe/Istanbul
TRT Belgesel:Europe/Istanbul
TRT Diyanet:Europe/Istanbul
TRT HD:Europe/Istanbul
TRT Haber:Europe/Istanbul
TRT Kurdî:Europe/Istanbul
TRT Okul:Europe/Istanbul
TRT Türk:Europe/Istanbul
TRT World:Europe/Istanbul
TRT Çocuk:Europe/Istanbul
TRWAM (US):US/Eastern
TSI1 (CH):Europe/Zurich
TSN:Canada/Eastern
TSR:Europe/Zurich
TSR2 (CH):Europe/Zurich
TTV:Asia/Taipei
TTV (PL):Europe/Warsaw
TUFF TV (US):US/Eastern
TURNER CLASSIC MOVIES (AU):Australia/Sydney
TURNER CLASSIC MOVIES (US):US/Eastern
TV 2:Europe/Copenhagen
TV 2 (DK):Europe/Copenhagen
TV 2 Charlie:Europe/Copenhagen
TV 2 Filmkanalen:Europe/Oslo
TV 2 Fri:Europe/Copenhagen
TV 2 Nyhetskanalen:Europe/Oslo
TV 2 Science Fiction:Europe/Oslo
TV 2 Sport:Europe/Oslo
TV 2 Sumo:Europe/Oslo
TV 2 ZULU:Europe/Copenhagen
TV 2 Zebra:Europe/Oslo
TV 2 Zulu:Europe/Copenhagen
TV 2/Nord:Europe/Copenhagen
TV 3:Europe/Copenhagen
TV 4:Europe/Warsaw
TV Aichi:Asia/Tokyo
TV Aparecida:America/Sao_Paulo
TV Asahi:Asia/Tokyo
TV Asashi:Asia/Tokyo
TV Asia (US):US/Eastern
TV Azteca:America/Mexico_City
TV Brasil:America/Sao_Paulo
TV Cabo:Europe/Lisbon
TV Chile:America/Santiago
TV Chosun:Asia/Seoul
TV Cultura:America/Sao_Paulo
TV Diário:America/Sao_Paulo
TV Globo:America/Sao_Paulo
TV Guide Channel:US/Eastern
TV HiTS (AU):Australia/Sydney
TV Hokkaido (JP):Asia/Tokyo
TV JAPAN (US):US/Eastern
TV JOJ:Europe/Bratislava
TV Joj:Europe/Bratislava
TV Kanagawa:Asia/Tokyo
TV Kanagawa (JP):Asia/Tokyo
TV Land:US/Eastern
TV Markíza:Europe/Bratislava
TV Markíza (SK):Europe/Bratislava
TV Net:Europe/Istanbul
TV Norge:Europe/Oslo
TV Nova:Europe/Prague
TV Nowa:Europe/Warsaw
TV ONE:Pacific/Auckland
TV Okey:Asia/Kuala_Lumpur
TV One:US/Eastern
TV One (NZ):Pacific/Auckland
TV One (US):US/Eastern
TV Osaka:Asia/Tokyo
TV Perú:America/Lima
TV Pública:America/Buenos_Aires
TV Saitama:Asia/Tokyo
TV Saitama (JP):Asia/Tokyo
TV Setouchi (JP):Asia/Tokyo
TV Shop (UK):Europe/London
TV Slovenija:Europe/Bratislava
TV São Carlos:America/Buenos_Aires
TV Thunder:Asia/Bangkok
TV Tokjo (DE):Europe/Berlin
TV Tokyo:Asia/Tokyo
TV Tupi:America/Sao_Paulo
TV Venezuela (US):US/Eastern
TV-3 (Russia):Europe/Kaliningrad
TV1 (MY):Asia/Kuala_Lumpur
TV11:Europe/Stockholm
TV2:Pacific/Auckland
TV2 (MY):Asia/Kuala_Lumpur
TV2 (NO):Europe/Oslo
TV2 (NZ):Pacific/Auckland
TV2 Denmark:Europe/Copenhagen
TV2 Norge:Europe/Oslo
TV2 Norway:Europe/Oslo
TV2 Zulu:Europe/Copenhagen
TV24 (CH):Europe/Zurich
TV24 (CH) :Europe/Zurich
TV25 (CH):Europe/Zurich
TV25 (CH) :Europe/Zurich
TV3:Europe/Stockholm
TV3 (ES):Europe/Madrid
TV3 (IE):Europe/Dublin
TV3 (MY):Asia/Kuala_Lumpur
TV3 (NO):Europe/Oslo
TV3 (NZ):Pacific/Auckland
TV3 (NZ) Three:Pacific/Auckland
TV3 (SE):Europe/Stockholm
TV3 Denmark:Europe/Copenhagen
TV3 Puls:Europe/Copenhagen
TV3+:Europe/Copenhagen
TV4:Europe/Stockholm
TV4 (NZ):Pacific/Auckland
TV4 (SE):Europe/Stockholm
TV4 Fakta:Europe/Stockholm
TV4 Guld:Europe/Stockholm
TV4 Komedi:Europe/Stockholm
TV4 Plus:Europe/Stockholm
TV4 Science Fiction:Europe/Stockholm
TV4ME (AU):Australia/Sydney
TV5:Asia/Manila
TV5 (CA):Canada/Eastern
TV5 (FI):Europe/Helsinki
TV5 (PH):Asia/Manila
TV5 Monde:Europe/Paris
TV5MONDE Europe (UK):Europe/London
TV6:Europe/Stockholm
TV7:Europe/Stockholm
TV7 (BG):Europe/Sofia
TV7 (SE):Europe/Stockholm
TV8:Europe/Stockholm
TV8 (IT):Europe/Rome
TV8 (SE):Europe/Stockholm
TV8 (TR):Europe/Istanbul
TV9:Asia/Kolkata
TVA:Canada/Eastern
TVA (JP):Asia/Tokyo
TVB:Asia/Shanghai
TVB Jade (HK):Asia/Hong_Kong
TVB Pearl (HK):Asia/Hong_Kong
TVB Xing He (HK):Asia/Hong_Kong
TVB1 (US):US/Eastern
TVB2 (US):US/Eastern
TVBS:Asia/Shanghai
TVBS (US):US/Eastern
TVBS Entertainment Channel:Asia/Taipei
TVBV (US):US/Eastern
TVBe (US):US/Eastern
TVE:Europe/Madrid
TVE2 (ES):Europe/Madrid
TVFPlay:Asia/Kolkata
TVG Network:US/Eastern
TVGN:US/Eastern
TVI:Europe/Lisbon
TVI Player:Europe/Lisbon
TVI24:Europe/Lisbon
TVING:Asia/Seoul
TVK:Asia/Tokyo
TVM:Europe/Malta
TVN:Europe/Warsaw
TVN (AU):Australia/Sydney
TVN (Televisión Nacional de Chile):America/Santiago
TVN 7:Europe/Warsaw
TVN Style:Europe/Warsaw
TVN Turbo:Europe/Warsaw
TVNORGE:Europe/Oslo
TVNOW:Europe/Berlin
TVNOW (Germany):Europe/Berlin
TVNZ:Pacific/Auckland
TVNZ 2:Pacific/Auckland
TVNorge:Europe/Oslo
TVO:Canada/Eastern
TVOne Global:Asia/Karachi
TVP:Europe/Warsaw
TVP SA:Europe/Warsaw
TVP1:Europe/Warsaw
TVP2:Europe/Warsaw
TVQ (AU):Australia/Sydney
TVQ (Australia):Australia/Sydney
TVQ (Japan):Asia/Tokyo
TVR 2:Europe/Bucharest
TVRI:Asia/Jakarta
TVS:Australia/Sydney
TVS China:Asia/Shanghai
TVS Sydney:Australia/Sydney
TVSA:Europe/Sarajevo
TVSN (AU):Australia/Sydney
TVT (AU):Australia/Sydney
TVU music television (US):US/Eastern
TVW (AU):Australia/Sydney
TVn:America/Santiago
TWC Deportes (US):US/Eastern
TWC SportsNet (US):US/Eastern
TWiT:US/Eastern
TXCN (US):US/Eastern
TXN (Japan):Asia/Tokyo
TYT Network:US/Eastern
Tai Seng Sat TV (US):US/Eastern
Takbeer TV (UK):Europe/London
Talpa:Europe/Amsterdam
Tapesh TV (US):US/Eastern
TeLe-Romántica (US):US/Eastern
TeLeHiTs (US):US/Eastern
TeenNick:US/Eastern
Tele 5:Europe/Berlin
Tele Curacao (AN):America/Lower_Princes
TeleG:Europe/London
TeleToon:Canada/Eastern
TeleZüri:Europe/Zurich
Teleac (NL):Europe/Amsterdam
Telecaribe:America/Bogota
Telecinco:Europe/Madrid
Telecinco 5 (ES):Europe/Madrid
Teledoce:America/Montevideo
Telefe:America/Buenos_Aires
Telefuturo:America/Asuncion
Telelatino:Canada/Eastern
Telemundo:US/Eastern
Telemundo (MX):America/Mexico_City
Teletama:Europe/Madrid
Teletoon:Canada/Eastern
Televen:America/Caracas
Televisa:America/Mexico_City
Televisa S.A. de C.V:America/Mexico_City
Televisa S.A. de C.V.:America/Mexico_City
Televisi Republik Indonesia:Asia/Jakarta
Television Broadcasts Limited:Asia/Shanghai
Television Maldives:Indian/Maldives
Television Malta:Europe/Malta
Television New Zealand:Pacific/Auckland
Television Osaka:Asia/Tokyo
Televisió de Catalunya (ES):Europe/Madrid
Televisión de Galicia:Europe/Madrid
Televizija Zagreb:Europe/Zagreb
Telewizja Polska:Europe/Warsaw
Tello:US/Eastern
Tempo Network (US):US/Eastern
Tencent Video:Asia/Shanghai
Terra Viva:America/Sao_Paulo
TestTube:US/Eastern
TevéCiudad:America/Montevideo
Thames Television:Europe/London
Thane Direct (UK):Europe/London
That's Hampshire (UK):Europe/London
That's Oxford (UK):Europe/London
That's Reading (UK):Europe/London
That's Salisbury (UK):Europe/London
That's Solent (UK):Europe/London
That's Surrey (UK):Europe/London
The 5 Network:Asia/Manila
The Africa Channel:Europe/London
The Africa Channel (UK):Europe/London
The Africa Channel (US):US/Eastern
The Amp:Europe/London
The Anime Network:US/Eastern
The Austin Systems Channel:US/Eastern
The Box:Europe/London
The BrewDog Network:Europe/London
The CW:US/Eastern
The Comedy Channel:Australia/Sydney
The Comedy Network:Canada/Eastern
The Den:Europe/Dublin
The Discovery Channel Canada:Canada/Eastern
The Family Channel:US/Eastern
The Great Courses:US/Eastern
The History Channel:US/Eastern
The History Channel International:US/Eastern
The Hub:US/Eastern
The Movie Network:Canada/Eastern
The Music Factory:Europe/Amsterdam
The Nashville Network:US/Eastern
The National Network:US/Eastern
The Roku Channel:US/Eastern
The Sportsman Channel:US/Eastern
The Verge:US/Eastern
The WB:US/Eastern
The Weather Channel:US/Eastern
The Zeus Network:US/Eastern
TheBlaze:US/Eastern
This TV:US/Eastern
Tien (NL):Europe/Amsterdam
Tik Tok:US/Eastern
TikTok:Asia/Shanghai
Time Warner Cable News Austin (US):US/Eastern
Time Warner Cable News Buffalo (US):US/Eastern
Time Warner Cable News Capital Region (US):US/Eastern
Time Warner Cable News Central New York (US):US/Eastern
Time Warner Cable News North Carolina (US):US/Eastern
Time Warner Cable News Rochester (US):US/Eastern
Tiny Pop (UK):Europe/London
Tipik:Europe/Brussels
Toei Channel:Asia/Tokyo
Toggle:Asia/Singapore
Tokai TV:Asia/Tokyo
Tokai TV (JP):Asia/Tokyo
Tokyo Broadcasting System:Asia/Tokyo
Tokyo MX:Asia/Tokyo
Tokyo Metropolitan Television:Asia/Tokyo
TomGreen.com:US/Eastern
Tongyang Broadcasting Company:Asia/Seoul
Toon Disney:US/Eastern
Total Living Network (US):US/Eastern
Total Variety Network:Asia/Seoul
Total Variety Network (tvN):Asia/Seoul
Tou.tv:Canada/Eastern
Toute l'histoire:Europe/Paris
Trace Sports (UK):Europe/London
Travel:US/Eastern
Travel + Escape:Canada/Eastern
Travel + Escape (CA):Canada/Eastern
Travel Channel:US/Eastern
Travel Channel (UK):Europe/London
Treehouse:Canada/Eastern
Treehouse TV:Canada/Eastern
Trend E:Asia/Seoul
Trinity Broadcasting Network:US/Eastern
Trinity Broadcasting Network (US):US/Eastern
TruTV:US/Eastern
True Drama (UK):Europe/London
True Entertainment (UK):Europe/London
True Movies 1 (UK):Europe/London
True Movies 2 (UK):Europe/London
TrueID:Asia/Bangkok
TrueVisions:Asia/Bangkok
Tubi:US/Eastern
Turner Network Television:US/Eastern
Turner South:US/Eastern
Tv2 Zulu:Europe/Copenhagen
TvNorge:Europe/Oslo
Twitch:US/Eastern
Twitter:US/Eastern
Télé (CA):Canada/Eastern
Télé Monte Carlo (FR):Europe/Paris
Télé-Québec:Canada/Eastern
Télétoon:Europe/Paris
U-NEXT:Asia/Tokyo
UBC Channel 10 (TH):Asia/Bangkok
UBC TV NETWORK (US):US/Eastern
UCB TV (UK):Europe/London
UEFA.tv:Europe/Zurich
UFC FIGHT PASS (US):US/Eastern
UFC Fight Pass:US/Eastern
UK Entertainment Channel:Europe/London
UK Play:Europe/London
UKTV Documentary:Europe/London
UKTV Drama:Europe/London
UKTV Food:Europe/London
UKTV G2:Europe/London
UKTV Gold:Europe/London
UKTV History:Europe/London
UKTV Style:Europe/London
UKTV Yesterday:Europe/London
UKTV style:Europe/London
UMC:US/Eastern
UMP Movies (UK):Europe/London
UMP Stars (UK):Europe/London
UN3TV:America/Buenos_Aires
UND SPORTS NETWORK (US):US/Eastern
UNIVERSAL CHANNEL (AU):Australia/Sydney
UNIVERSAL CHANNEL (UK):Europe/London
UNIVERSAL HD (US):US/Eastern
UNIVERSAL SPORTS NETWORK (US):US/Eastern
UNTAMED SPORTS tv (US):US/Eastern
UNTV (US):US/Eastern
UNTV 37:Asia/Manila
UP (US):US/Eastern
UP TV:US/Eastern
UPN:US/Eastern
UPtv:US/Eastern
USA Network:US/Eastern
UTV:Europe/Dublin
UTV (UK):Europe/London
Ulster Television:Europe/Dublin
Ummah Channel (UK):Europe/London
Unis TV:Canada/Eastern
United Nations Television:US/Eastern
United Paramount Network:US/Eastern
Univer Video:America/Sao_Paulo
Universal Channel:America/Sao_Paulo
Universal Christian (US):US/Eastern
Universal Kids:US/Eastern
Universal TV:America/Sao_Paulo
University of California Television (US):US/Eastern
University of Washington Television (US):US/Eastern
Universo:US/Eastern
Univision:US/Eastern
Unknown (AU):Australia/Sydney
Unknown (CA):Canada/Eastern
Unknown (DE):Europe/Berlin
Unknown (FR):Europe/Paris
Unknown (IE):Europe/Dublin
Unknown (IS):Atlantic/Reykjavik
Unknown (IT):Europe/Rome
Unknown (JP):Asia/Tokyo
Unknown (MK):Europe/Skopje
Unknown (MX):America/Mexico_City
Unknown (NL):Europe/Amsterdam
Unknown (NZ):Pacific/Auckland
Unknown (PT):Europe/Lisbon
Unknown (RU):Europe/Kaliningrad
Unknown (SE):Europe/Stockholm
Unknown (UK):Europe/London
Unknown (US):US/Eastern
Urban America Television:US/Eastern
Urban Movie Channel:US/Eastern
Urbanflix:US/Eastern
Urdu 1:Asia/Karachi
Ustream:US/Eastern
V:Canada/Eastern
V Channel (UK):Europe/London
V LIVE:Asia/Seoul
V télé:Canada/Eastern
VARA:Europe/Amsterdam
VENEVISION INTERNATIONAL (US):US/Eastern
VENN:US/Eastern
VGTV:Europe/Oslo
VH1:US/Eastern
VH1 (UK):Europe/London
VH1 Brasil:America/Sao_Paulo
VH1 Classics:US/Eastern
VH1 Soul (US):US/Eastern
VIER:Europe/Brussels
VIJF:Europe/Brussels
VISION ZOOMER TELEVISION (CA):Canada/Eastern
VIVA (DE):Europe/Berlin
VIVA (PL):Europe/Warsaw
VIVA (UK):Europe/London
VK3RTV (AU):Australia/Sydney
VLIVE:Asia/Seoul
VODO (US):US/Eastern
VOX:Europe/Berlin
VPRO:Europe/Amsterdam
VRT:Europe/Amsterdam
VRV:US/Eastern
VT4:Europe/Brussels
VTM:Europe/Brussels
VTM 4:Europe/Brussels
VTM GO:Europe/Brussels
VTV (AU):Australia/Sydney
VVVVID:Europe/Rome
Varsity TV:US/Eastern
Vault (UK):Europe/London
Velocity:US/Eastern
Venevision:America/Caracas
Venus TV (UK):Europe/London
Veronica:Europe/Amsterdam
Versus:US/Eastern
Veteran Television:US/Eastern
Viafree:Europe/Stockholm
Viaplay:Europe/Stockholm
Viasat 4:Europe/Oslo
Viasat3:Europe/Budapest
Vice on TV (US):US/Eastern
Viceland (CA):Canada/Eastern
Viceland (FR):Europe/Paris
Viceland (NL):Europe/Amsterdam
Viceland (UK):Europe/London
Viceland (US):US/Eastern
Victory Television Network (US):US/Eastern
VidAngel (USA):US/Eastern
Videoland (NL):Europe/Amsterdam
Videoland Television Network:Asia/Taipei
Vidi Space:US/Eastern
Vidol:Asia/Taipei
VijfTV:Europe/Brussels
Viki:US/Eastern
Vimeo:US/Eastern
Vintage TV (UK):Europe/London
Virgin 1:Europe/London
Virgin Media One:Europe/Dublin
Vision (UK):Europe/London
Vision 2 (UK):Europe/London
Vision Heaven (US):US/Eastern
ViuTV:Asia/Hong_Kong
Viva:America/Sao_Paulo
Viên Thao TV (US):US/Eastern
Vlaamse Televisie Maatschappij:Europe/Brussels
Vme (US):US/Eastern
Volksmusik TV:Europe/Berlin
Voot:Asia/Kolkata
VoxAfrica (UK):Europe/London
Voyage:Europe/Paris
Vrak.TV:Canada/Eastern
Vudu:US/Eastern
W:Australia/Sydney
W Movies (CA):Canada/Eastern
W Network:Canada/Eastern
W9:Europe/Paris
WAPA-TV (US):US/Eastern
WB (CA):Canada/Eastern
WBZ-TV (US):US/Eastern
WCCO Channel 4 (US):US/Eastern
WCNY:US/Eastern
WCVB Channel 5 (US):US/Eastern
WDR:Europe/Berlin
WE tv:US/Eastern
WFRZ-LD (US):US/Eastern
WGN (US):US/Eastern
WGN America:US/Eastern
WIN (AU):Australia/Sydney
WIN Television (AU):Australia/Sydney
WNL:Europe/Amsterdam
WORD Network (US):US/Eastern
WORLD (US):US/Eastern
WORLD MOVIES (AU):Australia/Sydney
WOW (AU):Australia/Sydney
WOW Presents Plus:US/Eastern
WOWOW:Asia/Tokyo
WPIX:US/Eastern
WTV (AU):Australia/Sydney
WWE Network:US/Eastern
WWE Network (US):US/Eastern
WWJ-TV Detroit (US):US/Eastern
Wah Lai Toi (MY):Asia/Kuala_Lumpur
Wakker Nederland (NL):Europe/Amsterdam
Warner Channel:US/Eastern
Warner Channel (AR):America/Buenos_Aires
Warner TV:US/Eastern
WarnerTV Comedy (Germany):Europe/Berlin
Watch:Europe/London
WatchFrance:Europe/Paris
Wavve:Asia/Seoul
WealthTV:US/Eastern
Weather Network (CA):Canada/Eastern
WeatherNation (US):US/Eastern
West Digital Television (AU):Australia/Sydney
Westdeutscher Rundfunk:Europe/Berlin
Weverse (KR):Asia/Seoul
Womens Entertainment Network:US/Eastern
Word Network (UK):Europe/London
Workpoint TV:Asia/Bangkok
Worship (US):US/Eastern
Wowow:Asia/Tokyo
XY TV:US/Eastern
Xbox Video:US/Eastern
Xee:Europe/Copenhagen
XtvN:Asia/Seoul
YES:Asia/Jerusalem
YES (US):US/Eastern
YESTERDAY (UK):Europe/London
YLE:Europe/Helsinki
YLE Fem (FI):Europe/Helsinki
YLE TV1:Europe/Helsinki
YLE TV2:Europe/Helsinki
YTV:Canada/Eastern
YTV (CA):Canada/Eastern
YTV (JP):Asia/Tokyo
YTV (UK):Europe/London
Yahoo! Japan:Asia/Tokyo
Yahoo! Screen:US/Eastern
Yle:Europe/Helsinki
Yomiuri TV:Asia/Tokyo
Yomiuri TV (JP):Asia/Tokyo
Yorin:Europe/Amsterdam
Yorin (NL):Europe/Amsterdam
York Channel (UK):Europe/London
Yorkshire Coast TV (UK):Europe/London
YouTube:US/Eastern
YouTube (UK):Europe/London
YouTube Premium:US/Eastern
YouTube Red:US/Eastern
Youku:Asia/Shanghai
YourTV Blackpool & Preston (UK):Europe/London
YourTV Manchester (UK):Europe/London
Z:Canada/Eastern
Z LIVING (US):US/Eastern
ZDF:Europe/Berlin
ZDF.Kultur:Europe/Berlin
ZDFinfo:Europe/Berlin
ZDFneo:Europe/Berlin
ZDTV (CA):Canada/Eastern
ZEE TV (UK):Europe/London
ZOOM:Asia/Kolkata
ZTV:Europe/Stockholm
ZTV (SE):Europe/Stockholm
ZUUS Country (US):US/Eastern
ZUUS Latino (US):US/Eastern
Zee Café (UK):Europe/London
Zee Cinema:Asia/Kolkata
Zee Cinema (UK):Europe/London
Zee Gujarati:Asia/Kolkata
Zee Muzic:Asia/Kolkata
Zee Punjabi (UK):Europe/London
Zee TV:Asia/Kolkata
Zee5:US/Eastern
Zeste:Canada/Eastern
Zhejiang TV:Asia/Shanghai
Zing (UK):Europe/London
Ztélé:Canada/Eastern
Zweites Deutsches Fernsehen:Europe/Berlin
[v] (AU):Australia/Sydney
[v] HITS (AU):Australia/Sydney
a-pac (AU):Australia/Sydney
abc spark (CA):Canada/Eastern
abc7 (US):US/Eastern
abo (US):US/Eastern
addikTV:Canada/Eastern
aha:Asia/Kolkata
alibi (UK):Europe/London
amc (CA):Canada/Eastern
aptn (CA):Canada/Eastern
arte (DE):Europe/Berlin
aspire TV (AU):Australia/Sydney
aurora (AU):Australia/Sydney
aux (CA):Canada/Eastern
azteca america (US):US/Eastern
bTV:Europe/Sofia
bafta.org (UK):Europe/London
beIN Connect:Europe/Istanbul
beIN SPORT (US):US/Eastern
beIN SPORTS:US/Eastern
beats per minute television (CA):Canada/Eastern
biTe (CA):Canada/Eastern
bio. (AU):Australia/Sydney
blip (US):US/Eastern
bravotv.com (US):US/Eastern
cartoonito (UK):Europe/London
casa club tv (US):US/Eastern
channel one (UK):Europe/London
chiller (US):US/Eastern
cloo (US):US/Eastern
clásico TV (US):US/Eastern
comcast NETWORK Philadelphia (US):US/Eastern
comcast NETWORK Washington (US):US/Eastern
comcast SPORTSNET BAY AREA (US):US/Eastern
comcast SPORTSNET CALIFORNIA (US):US/Eastern
comcast SPORTSNET HOUSTON (US):US/Eastern
comcast SPORTSNET MID ATLANTIC (US):US/Eastern
comcast SPORTSNET NORTHWEST (US):US/Eastern
comcast SPORTSNET PHILADELPHIA (US):US/Eastern
comedy:Canada/Eastern
comedy channel (AU):Australia/Sydney
create (US):US/Eastern
crime & investigation network (AU):Australia/Sydney
crime & investigation network (UK):Europe/London
dTV:Asia/Tokyo
daybreak2012.com (US):US/Eastern
de película (US):US/Eastern
de película clásico (US):US/Eastern
diva tv (UK):Europe/London
diy network (CA):Canada/Eastern
dk4:Europe/Copenhagen
documentary (CA):Canada/Eastern
documentary Channel:Canada/Eastern
e.tv:Africa/Johannesburg
eNCA Africa (UK):Europe/London
eXPO CHANNEL (AU):Australia/Sydney
element14:US/Eastern
encore. action (US):US/Eastern
encore. family (US):US/Eastern
epix (US):US/Eastern
eqhd:Canada/Eastern
estrellaTV (US):US/Eastern
euronews (UK):Europe/London
extra (AU):Australia/Sydney
family MOVIES (AU):Australia/Sydney
family gekijou (japan):Asia/Tokyo
france.2:Europe/Paris
france.3:Europe/Paris
france.4:Europe/Paris
france.5:Europe/Paris
france.tv:Europe/Paris
france.tv slash:Europe/Paris
france.Ô:Europe/Paris
fridayVideo:Asia/Taipei
funnyordie.com (US):US/Eastern
fuse:US/Eastern
fyi (CA):Canada/Eastern
game tv (CA):Canada/Eastern
get TV (US):US/Eastern
go90:US/Eastern
gothamgirls.com (US):US/Eastern
gusto tv (CA):Canada/Eastern
hTV (US):US/Eastern
halowaypoint.com (US):US/Eastern
heartland (US):US/Eastern
heat (UK):Europe/London
here!:US/Eastern
home (UK):Europe/London
hr-fernsehen:Europe/Berlin
hulu Japan:Asia/Tokyo
iCHANNEL (CA):Canada/Eastern
iQiyi:Asia/Shanghai
iTunes:US/Eastern
iTunes (US):US/Eastern
ingaylewetrust.com (US):US/Eastern
insp (US):US/Eastern
ion LIFE (US):US/Eastern
ishop tv (AU):Australia/Sydney
itv ANGLIA (UK):Europe/London
itv BORDER (UK):Europe/London
itv CENTRAL (UK):Europe/London
itv CHANNEL TV (UK):Europe/London
itv ENCORE (UK):Europe/London
itv LONDON (UK):Europe/London
itv MERIDIAN (UK):Europe/London
itv TYNE TEES (UK):Europe/London
itv WEST COUNTRY (UK):Europe/London
itv YORKSHIRE (UK):Europe/London
itv play (UK):Europe/London
itvBe (UK):Europe/London
ivfilms.net (US):US/Eastern
ivi (Russia):Europe/Kaliningrad
jTBC:Asia/Seoul
jewelrytelevision (US):US/Eastern
jts.tv (US):US/Eastern
kykNET:Africa/Johannesburg
laSexta:Europe/Madrid
lifetime real women (US):US/Eastern
link TV (US):US/Eastern
machinima.com (US):US/Eastern
maniaTV.com (US):US/Eastern
meGa tv (US):US/Eastern
mega:America/Santiago
mid-atlantic sports network (US):US/Eastern
motorsports.tv:Europe/London
movieplex (US):US/Eastern
mp (CA):Canada/Eastern
mstv entertainment (UK):Europe/London
mtvU (US):US/Eastern
mun2 (US):US/Eastern
my38 (US):US/Eastern
my9 (US):US/Eastern
myVideo:Asia/Taipei
mynetworkTV (US):US/Eastern
myspace.com (US):US/Eastern
mystery TV (CA):Canada/Eastern
n-tv:Europe/Berlin
neonalley.com (US):US/Eastern
nick jr. (AU):Australia/Sydney
nick jr. (UK):Europe/London
nick jr. 2. (UK):Europe/London
nick@nite (US):US/Eastern
nickToons (UK):Europe/London
nickelodeon (AU):Australia/Sydney
nickelodeon (CA):Canada/Eastern
nickelodeon (UK):Europe/London
nova (CZ):Europe/Prague
null.video:Europe/Oslo
oksusu:Asia/Seoul
one (AU):Australia/Sydney
ovationchannel.com.au:Australia/Sydney
palladia (US):US/Eastern
phoenix:Europe/Berlin
pivot:US/Eastern
propellor (UK):Europe/London
puhutv:Europe/Istanbul
pursuit CHANNEL (US):US/Eastern
qubo (US):US/Eastern
radX:Canada/Eastern
retro tv (US):US/Eastern
revry:US/Eastern
rmusic TV:Europe/London
rocketjump.com (US):US/Eastern
roosterteeth.com (US):US/Eastern
rox.com (US):US/Eastern
rté jr (IE):Europe/Dublin
serieclub:Europe/Paris
sho.com (US):US/Eastern
sky 3D (UK):Europe/London
sky ARTS 2 (UK):Europe/London
sky LIVING LOVES (UK):Europe/London
sky LIVINGit (UK):Europe/London
sky MOVIES ACTION & ADVENTURE (UK):Europe/London
sky MOVIES COMEDY (UK):Europe/London
sky MOVIES CRIME & THRILLER (UK):Europe/London
sky MOVIES DRAMA & ROMANCE (UK):Europe/London
sky MOVIES DiSNEY (UK):Europe/London
sky MOVIES FAMILY (UK):Europe/London
sky MOVIES PREMIERE (UK):Europe/London
sky MOVIES SCI FI & HORROR (UK):Europe/London
sky MOVIES SELECT (UK):Europe/London
sky MOVIES SHOWCASE (UK):Europe/London
sky MOVIES SUPERHEROES (UK):Europe/London
sky NEWS (AU):Australia/Sydney
sky NEWS ARABIA (UK):Europe/London
sky NEWS BUSINESS (AU):Australia/Sydney
sky NEWS WEATHER (AU):Australia/Sydney
sky Real Lives (UK):Europe/London
sky SPORTS 2 (UK):Europe/London
sky SPORTS 3 (UK):Europe/London
sky SPORTS 4 (UK):Europe/London
sky SPORTS 5 (UK):Europe/London
sky SPORTS F1 (UK):Europe/London
sky SPORTS NEWS HQ (UK):Europe/London
spookyland.com (US):US/Eastern
spt tv (US):US/Eastern
startreknewvoyages.com (US):US/Eastern
starz INBLACK (US):US/Eastern
starz KIDS & FAMILY (US):US/Eastern
style. NETWORK (UK):Europe/London
tagesschau24 (DE):Europe/Berlin
thebaytheseries.com (US):US/Eastern
this TV network (US):US/Eastern
tr3s (US):US/Eastern
travel CHANNEL (UK):Europe/London
truTV:US/Eastern
truTV (UK):Europe/London
tvK (US):US/Eastern
tvN:Asia/Seoul
tvb8 (US):US/Eastern
tvk:Asia/Tokyo
tvn:Europe/Warsaw
téva:Europe/Paris
unIMÁS East (US):US/Eastern
univision DEPORTES NETWORK (US):US/Eastern
vt4:Europe/Brussels
vtm.be:Europe/Brussels
vtmKzoom:Europe/Brussels
watchmenmotioncomic.com (US):US/Eastern
weatherscan (US):US/Eastern
wedding tv (UK):Europe/London
westlink (AU):Australia/Sydney
yes:Asia/Jerusalem
yesSTARS (IL):Asia/Jerusalem
youtoo SOCIAL TV (US):US/Eastern
ztv:Europe/Stockholm
¡Sorpresa! (US):US/Eastern
À Punt:Europe/Madrid
ÄŒeskoslovenská televize:Europe/Prague
ÄŒeská televize:Europe/Prague
Évasion:Canada/Eastern
Ülke TV:Europe/Istanbul
één:Europe/Brussels
ČST (CZ):Europe/Prague
ČT1 (CZ):Europe/Prague
ČT2 (CZ):Europe/Prague
Československá televize:Europe/Prague
Česká televize:Europe/Prague
ΕΡΤ:Europe/Athens
ΕΡΤ 1:Europe/Athens
Інтер:Europe/Kiev
ДТВ:Europe/Kaliningrad
Дождь:Europe/Kaliningrad
Домашний:Europe/Kaliningrad
Звезда:Europe/Kaliningrad
КиноПоиск HD:Europe/Kaliningrad
Мульт:Europe/Kaliningrad
НТВ:Europe/Kaliningrad
Первый канал:Europe/Kaliningrad
Пятый канал:Europe/Kaliningrad
РЕН:Europe/Kaliningrad
Радио-телевизија Србије (PTC):Europe/Belgrade
Россия 1:Europe/Kaliningrad
Россия К:Europe/Kaliningrad
СТБ:Europe/Kiev
СТС:Europe/Kaliningrad
ТВ Центр:Europe/Kaliningrad
ТВ3:Europe/Kaliningrad
ТВ6 (RU):Europe/Kaliningrad
ТВС:Europe/Kaliningrad
ТНТ:Europe/Kaliningrad
הערוץ הראשון:Asia/Jerusalem
טלעד:Asia/Jerusalem
כאן:Asia/Jerusalem
כאן (Kan):Asia/Jerusalem
כאן 11:Asia/Jerusalem
ערוץ 10:Asia/Jerusalem
ערוץ הילדים‎:Asia/Jerusalem
קשת:Asia/Jerusalem
קשת 12:Asia/Jerusalem
רשת:Asia/Jerusalem
ช่อง one:Asia/Bangkok